node_id,layer 1,layer 2,layer 3,layer 4,layer 5,layer 6,layer 7,layer 8,layer 9,layer 10,layer 11,layer 12,layer 13,layer 14,layer 15,layer 16,layer 17,layer 18,layer 19,layer 20,layer 21,layer 22,layer 23,layer 24,layer 25,layer 26,layer 27,layer 28,layer 29,layer 30,layer 31,layer 32,layer 33,layer 34,layer 35,layer 36,Mean
7,0,0,0,0,0,0,1.015,0,0,0,0,0,0,0,0,0,0,0,0,0,0,0,0,0,0,0,0,0,0,0,0,0,0,0,0,0,0.028194444444444442
6,0,0,0,0,0,0,0,0,0,0,0,0,0,0,1.021,0,0,0,0,0,0,0,0,0,0,0,0,0,0,0,0,0,0,0,0,0,0.028361111111111108
209,0,0,1.137,0,0,0,0,0,0,0,0,0,0,0,0,0,0,0,0,0,0,0,0,0,0,0,0,0,0,0,0,0,0,0,0,0,0.03158333333333333
97,0,1.04,1.02,0,1.042,1.043,0,1.043,0,1.097,1.077,1.059,1.05,0,0,1.014,0,0,0,0,1.056,0,0,0,0,1.012,1.04,1.039,0,1.012,1.012,1.028,1.014,1.018,0,1.01,0.5757222222222222
65,1.016,1.033,1.016,0,1.104,0,0,1.053,0,1.036,1.049,0,1.019,0,1.128,1.016,1.017,0,1.015,0,1.032,0,1.011,0,1.017,0,0,1.018,0,0,0,0,1.014,0,0,1.027,0.51725
98,1.022,1.044,1.012,0,1.075,1.038,1.02,1.054,0,1.063,1.052,1.02,1.05,0,0,0,0,0,1.031,0,1.021,0,0,0,1.019,0,0,1.013,0,1.033,0,1.02,0,1.018,1.013,0,0.5449444444444445
120,0,0,0,0,0,0,0,0,0,1.017,1.019,0,1.014,0,0,0,0,0,0,0,0,0,0,0,0,0,0,0,0,0,0,0,0,0,0,0,0.08472222222222221
198,0,0,1.523,1.257,2.726,1.645,1.035,2.231,0,0,0,0,0,0,0,0,0,0,0,0,0,0,0,0,0,0,0,0,0,0,0,0,0,0,0,0,0.2893611111111111
64,0,1.024,1.023,0,1.055,0,0,1.045,0,1.028,0,0,1.072,0,1.013,1.019,0,0,1.015,0,0,1.015,0,0,1.046,0,0,0,0,1.012,0,0,1.067,0,0,0,0.37316666666666665
2,0,0,0,0,0,0,0,0,0,0,0,0,1.011,0,0,0,0,0,0,0,0,0,0,0,0,0,0,0,0,0,0,0,0,0,0,0,0.02808333333333333
136,1.031,1.049,0,0,1.065,1.045,1.012,1.1,0,1.027,1.045,1.02,1.065,0,0,1.019,1.026,0,1.028,0,1.027,1.014,1.035,0,1.02,0,1.023,1.091,0,0,0,1.024,1.053,1.023,1.05,0,0.6636666666666666
172,0,0,1.023,0,1.082,0,1.015,1.055,0,1.049,0,1.014,1.039,0,0,0,1.015,0,1.013,0,1.011,0,0,0,0,0,0,0,0,0,0,0,0,0,0,0,0.2865555555555555
44,0,0,0,0,0,0,0,0,0,0,0,0,0,0,0,0,0,0,1.014,0,0,0,0,0,0,0,0,0,0,0,0,0,0,0,0,0,0.028166666666666666
202,0,0,1.011,0,0,0,0,0,0,0,0,0,0,0,0,0,0,0,0,0,0,0,0,0,0,0,0,0,0,0,0,0,0,0,0,0,0.02808333333333333
22,0,0,0,0,0,0,0,0,0,0,0,0,0,0,1.016,0,0,0,0,0,0,0,0,0,0,0,0,0,0,0,0,0,0,0,0,0,0.02822222222222222
187,1.032,1.035,1.02,1.013,1.072,0,0,0,0,1.013,1.018,0,1.064,0,0,1.018,0,0,1.016,0,1.012,0,0,0,1.047,0,1.023,1.04,0,0,0,0,0,0,0,0,0.40063888888888893
143,0,1.038,1.036,0,1.062,0,1.024,1.065,0,1.094,0,1.029,1.08,0,0,1.036,1.033,0,0,0,0,1.016,0,0,1.055,0,1.057,0,0,1.063,0,0,1.008,0,1.013,0,0.464138888888889
71,0,1.035,0,0,1.08,0,0,1.068,0,1.016,1.046,0,1.019,0,1.016,1.014,0,0,0,0,1.029,1.014,0,0,1.014,0,1.029,0,0,1.016,0,0,1.031,0,0,0,0.40075
119,0,1.032,0,0,1.093,0,0,0,0,1.027,0,1.016,1.016,0,1.044,0,0,0,0,0,1.016,0,0,0,0,0,1.017,0,0,1.02,0,0,1.012,0,1.02,0,0.31425
88,0,1.047,1.015,1.013,0,0,0,0,0,1.026,0,0,1.012,0,0,0,0,0,1.022,0,0,0,0,0,0,0,0,0,0,0,0,0,0,0,0,0,0.17041666666666666
56,1.018,1.06,1.015,0,1.033,1.046,1.035,1.024,0,1.078,1.048,1.014,1.062,1.013,1.012,0,1.033,0,1.026,0,1.062,0,1.018,0,1.039,0,1.091,1.049,0,1.072,1.081,0,1.015,0,1.03,0,0.6937222222222222
135,1.023,1.045,1.012,0,1.08,1.045,0,1.069,0,1.013,1.016,1.007,0,0,0,0,1.017,1.011,0,0,1.03,1.01,0,1.016,0,0,1.014,1.019,0,0,0,0,0,0,1.017,1.031,0.5131944444444443
43,0,0,0,0,0,0,1.012,0,0,0,0,0,0,0,0,0,0,0,0,0,0,0,0,0,0,0,0,0,0,0,0,0,0,0,0,0,0.02811111111111111
156,0,1.037,1.02,0,1.054,1.063,1.015,0,0,1.023,0,0,1.049,0,0,1.017,1.02,0,0,0,0,0,0,0,1.016,0,1.018,0,1.017,1.017,0,0,1.01,0,1.018,0,0.42761111111111105
16,0,0,0,0,0,0,1.011,0,0,0,0,0,0,0,0,0,0,0,0,0,0,0,0,0,0,0,0,0,0,0,0,0,0,0,0,0,0.02808333333333333
214,0,0,0,0,0,0,1.017,0,0,1.011,0,0,1.02,0,0,0,0,0,0,0,1.034,0,0,0,0,0,0,0,0,0,0,0,0,0,0,0,0.11338888888888889
79,0,1.057,0,0,1.073,0,0,1.039,0,1.059,1.08,1.044,1.068,0,0,0,1.037,0,1.026,0,1.019,1.014,1.014,1.019,1.027,0,1.036,1.012,1.009,1.013,1.014,0,1.013,0,1.035,0,0.6030000000000001
28,0,0,0,0,0,0,1.02,0,0,0,0,0,0,0,0,0,0,0,0,0,0,0,0,0,0,0,0,0,0,0,0,0,0,0,0,0,0.028333333333333335
170,0,1.042,1.015,0,1.072,1.043,0,1.03,0,1.016,1.028,0,1.022,0,0,0,1.075,0,1.018,0,1.06,1.014,1.079,1.021,1.023,0,1.025,1.019,0,0,1.033,1.016,0,1.01,1.018,0,0.6021944444444444
210,0,1.026,0,0,1.046,0,0,0,0,0,1.039,0,1.057,0,1.012,0,0,0,1.049,0,1.038,0,0,0,1.017,0,0,0,0,1.015,0,0,0,0,1.008,0,0.28630555555555554
34,0,0,0,0,0,0,0,0,1.012,0,0,0,0,0,0,0,0,0,0,0,0,0,0,0,0,0,0,0,0,0,0,0,0,0,0,0,0.02811111111111111
12,0,0,0,0,0,0,0,0,0,0,0,0,0,0,0,0,0,0,0,0,1.011,0,0,0,0,0,0,0,0,0,0,0,0,0,0,0,0.02808333333333333
216,0,0,0,0,0,0,0,0,0,1.013,0,0,1.016,0,0,0,0,0,0,0,0,0,0,0,0,0,0,0,0,0,0,0,0,0,0,0,0.05636111111111111
197,0,0,1.437,1.14,2.5,1.749,1.012,2.334,0,0,0,0,0,0,0,0,0,0,0,0,0,0,0,0,0,0,0,0,0,0,0,0,0,0,0,0,0.28255555555555556
9,0,0,1.018,0,0,0,0,0,0,0,1.016,0,0,0,0,0,0,0,0,0,0,0,0,0,0,0,0,0,0,0,0,0,0,0,0,0,0.056499999999999995
109,0,1.032,1.037,1.017,1.064,0,1.013,1.055,0,1.062,1.031,1.025,1.064,0,1.011,0,0,0,0,0,0,0,0,0,1.014,0,1.016,1.022,0,1.023,0,0,0,0,1.036,1.014,0.48711111111111105
93,0,1.03,1.039,1.035,1.104,1.037,0,1.057,0,0,0,0,1.019,0,0,0,1.017,0,1.017,0,1.023,0,0,0,1.005,0,0,0,0,1.012,0,1.012,1.017,0,1.016,0,0.4288888888888889
25,0,0,0,0,0,0,1.017,0,0,0,0,0,0,0,0,0,0,0,0,0,0,0,0,0,0,0,0,0,0,0,0,0,0,0,0,0,0.028249999999999997
123,1.02,1.05,1.056,1.031,1.037,0,1.016,1.053,0,1.092,1.089,1.017,1.057,0,1.019,0,1.093,0,1.011,0,1.029,0,1.019,0,1.053,0,1.02,1.014,0,1.021,0,1.014,0,0,1.038,0,0.6346944444444444
58,0,1.022,0,0,1.064,0,0,1.052,0,1.028,1.029,0,1.056,1.026,1.011,1.047,1.037,0,1.045,0,0,1.055,1.036,0,1.031,1.018,1.094,1.032,0,1.014,0,0,0,0,1.039,1.023,0.5766388888888889
182,0,1.04,1.012,0,1.07,0,0,1.064,0,1.066,1.025,0,1.059,0,0,0,1.018,0,1.013,0,0,1.016,1.016,1.016,0,0,1.01,1.03,0,1.037,0,0,0,0,1.008,0,0.45833333333333326
107,0,0,1.015,0,0,0,0,0,0,0,0,0,0,0,0,0,0,0,1.021,0,0,0,0,0,0,0,0,0,0,0,0,0,0,0,0,0,0.056555555555555546
14,0,0,0,0,0,0,0,0,0,0,0,0,0,0,0,0,0,0,0,0,0,1.012,0,0,0,0,0,0,0,0,0,0,0,0,0,0,0.02811111111111111
52,0,0,0,0,0,0,1.014,0,0,0,0,0,0,0,0,0,1.01,0,0,0,0,0,0,0,0,0,0,0,0,0,0,0,0,0,0,0,0.05622222222222222
118,0,1.041,1.031,1.02,1.031,0,0,1.061,0,1.03,0,0,1.046,0,0,1.034,0,0,0,0,0,0,0,0,1.017,0,1.011,0,0,1.013,0,0,0,0,0,0,0.3148611111111111
150,1.012,1.042,1.007,0,1.07,1.046,1.009,1.067,0,1.013,1.051,1.017,1.046,1.013,0,1.015,1.084,1.014,0,0,1.1,1.012,1.035,1.012,0,0,1.022,1.042,0,1.042,0,0,1.01,0,1.041,0,0.6895000000000001
186,1.021,1.033,1.034,0,1.097,1.047,0,1.039,0,0,1.049,0,1.042,0,0,1.01,1.065,0,0,0,1.016,0,1.032,0,1.046,0,1.013,1.033,0,0,0,0,1.036,0,1.02,0,0.48980555555555555
195,0,0,0,0,0,0,0,0,0,1.014,0,0,0,0,0,0,0,0,0,0,0,0,0,0,0,0,0,0,0,0,0,0,0,0,0,0,0.028166666666666666
115,1.018,1.055,1.039,0,1.068,1.05,0,1.053,0,0,1.031,0,1.012,0,0,0,1.073,0,0,0,1.013,0,0,0,1.025,0,0,1.032,0,0,0,0,0,0,1.051,0,0.37555555555555553
61,0,1.038,1.02,0,1.075,1.047,0,1.057,0,0,0,0,1.087,0,0,1.011,1.025,0,1.12,0,1.01,1.024,1.017,0,1.067,0,1.044,1.027,0,1.043,0,1.015,0,0,1.078,0,0.522361111111111
217,0,0,0,0,0,0,0,0,0,1.013,0,0,1.024,0,0,0,0,0,0,0,0,0,0,0,0,0,0,0,0,0,0,1.016,0,0,1.021,0,0.11316666666666667
148,1.034,1.059,1.018,0,1.076,1.049,0,1.049,0,1.035,1.042,0,1.079,0,0,0,1.017,0,1.009,0,1.05,1.028,0,0,1.031,0,1.028,1.016,1.008,1.029,1.014,0,0,0,0,1.023,0.5748333333333333
205,0,0,1.043,0,0,0,0,0,0,0,0,0,0,0,0,0,0,0,0,0,0,0,0,0,0,0,0,0,0,0,0,0,0,0,0,0,0.02897222222222222
194,0,1.032,1.031,1.029,1.07,0,0,1.052,0,1.014,0,0,1.02,0,1.013,0,0,0,0,0,0,0,0,0,0,0,0,0,0,0,0,0,0,0,0,0,0.22947222222222224
117,0,1.063,1.024,0,1.037,0,0,1.054,0,0,1.014,0,1.062,0,0,0,0,0,1.013,0,0,0,1.031,0,0,0,1.019,0,0,1.028,0,0,0,0,0,0,0.2873611111111111
184,0,1.046,1.025,0,1.038,1.038,0,1.044,0,1.092,1.054,1.048,1.095,0,0,1.023,1.016,0,0,0,1.069,1.014,1.03,0,1.029,0,1.019,1.019,0,1.031,0,1.017,0,1.021,0,0,0.5768888888888888
111,1.019,1.04,1.043,1.023,1.066,1.062,1.031,1.038,0,1.064,1.025,1.031,1.056,0,1.013,1.029,1.091,0,1.035,0,1.078,1.068,1.017,1.035,0,0,1.036,0,1.017,1.034,0,1.025,1.012,1.024,1.014,0,0.7785
31,0,0,0,0,0,0,1.013,0,0,0,0,0,0,0,0,0,0,0,0,0,0,0,0,0,0,0,0,0,0,0,0,0,0,0,0,0,0.028138888888888887
40,0,0,0,0,0,0,1.022,0,0,0,0,0,0,0,0,0,0,0,0,0,0,0,0,0,0,0,0,0,0,0,0,0,0,0,0,0,0.02838888888888889
191,0,0,0,0,0,0,1.011,0,0,1.019,0,0,1.026,0,0,0,0,0,0,0,0,0,0,0,0,0,1.016,1.015,0,0,0,0,0,0,0,0,0.14130555555555555
82,0,1.046,1.027,1.007,1.092,0,0,0,0,1.037,1.009,0,1.022,0,1.016,1.013,0,0,1.015,0,1.02,1.015,0,0,1.015,0,1.016,1.017,0,0,0,1.018,0,0,1.019,0,0.48344444444444445
84,1.03,1.024,1.014,0,1.108,1.071,0,0,0,1.028,1.011,1.014,1.046,0,0,1.03,1.017,0,1.029,0,1.027,1.013,1.017,0,1.017,0,0,0,0,1.01,0,0,1.013,0,1.052,0,0.5436388888888888
208,0,0,1.28,0,0,0,0,0,0,0,0,0,0,0,0,0,0,0,0,0,0,0,0,0,0,0,0,0,0,0,0,0,0,0,0,0,0.035555555555555556
193,0,0,0,0,1.047,0,0,0,0,1.022,0,0,1.05,0,0,0,0,0,1.02,0,1.01,0,0,0,0,0,0,0,0,0,0,1.012,0,0,1.035,1.011,0.2279722222222222
21,0,0,1.018,0,0,0,0,0,0,0,0,0,0,0,0,0,0,0,0,0,0,0,0,0,0,0,0,0,0,0,0,0,0,0,0,0,0.028277777777777777
89,0,0,1.019,0,0,0,0,0,0,1.051,1.024,0,1.019,0,0,1.024,1.028,0,0,0,1.031,0,1.015,0,0,0,1.051,1.052,0,1.049,0,0,0,0,0,0,0.3156388888888888
5,0,0,0,0,0,0,0,0,0,0,0,0,0,0,1.018,0,0,0,0,0,0,0,0,0,0,0,0,0,0,0,0,0,0,0,0,0,0.028277777777777777
51,0,0,0,0,0,0,0,0,0,0,0,0,0,0,0,0,1.017,0,0,0,0,0,1.018,0,0,0,0,0,0,0,0,0,0,0,0,0,0.05652777777777778
211,0,1.019,0,0,1.041,0,0,0,0,0,0,0,1.019,0,0,0,0,0,1.042,0,1.011,0,0,0,1.024,0,1.011,0,0,1.017,0,0,0,0,1.039,0,0.2561944444444444
95,0,1.028,1.016,0,1.084,0,0,1.028,0,1.032,1.011,1.016,1.022,0,1.016,0,0,0,0,0,1.029,1.014,0,1.013,1.013,0,0,0,0,0,0,0,0,0,0,0,0.3700555555555555
128,0,1.065,0,0,1.066,0,0,1.023,1.016,1.027,1.057,1.022,1.051,1.019,0,0,1.015,0,0,0,1.022,1.021,1.035,1.021,1.014,0,1.016,0,0,1.014,0,0,1.009,0,1.011,0,0.5423333333333333
162,0,1.039,0,0,1.05,1.04,1.019,1.023,0,1.033,1.04,1.022,1.065,0,0,1.018,1.014,0,0,0,1.01,1.012,1.012,1.013,1.021,0,1.017,1.021,0,1.017,0,0,1.037,0,1.014,0,0.5982499999999998
49,0,0,1.029,0,0,0,0,0,0,0,0,0,0,0,0,0,0,0,0,0,0,0,0,0,0,0,0,0,0,0,0,0,0,0,0,0,0.028583333333333332
166,1.022,1.037,0,0,0,1.041,1.021,0,0,1.051,1.021,0,1.048,0,0,0,0,0,0,0,1.034,0,0,0,0,0,0,0,0,0,0,0,1.017,0,1.043,1.031,0.31572222222222224
139,0,1.023,1.075,1.047,1.067,0,1.076,1.119,0,1.32,1.18,1.053,1.425,1.021,0,0,1.008,0,1.065,0,1.018,0,0,0,1.048,0,1.012,0,0,1.061,0,1.018,0,0,1.053,0,0.5746944444444445
179,1.024,1.051,0,0,1.085,0,0,1.064,0,0,1.053,0,1.041,0,0,1.025,0,0,0,0,1.03,1.038,1.014,0,0,0,1.043,1.03,0,0,0,0,0,0,0,0,0.3471666666666666
92,0,1.077,1.039,1.041,0,0,0,1.068,0,1.074,1.03,0,0,1.06,0,0,0,0,0,0,1.012,0,0,0,0,0,0,0,0,0,0,0,0,0,0,0,0.2333611111111111
87,0,1.035,1.026,0,1.06,1.06,1.009,1.06,0,1.022,1.021,0,1.014,1.03,0,0,1.047,0,0,0,0,0,0,0,1.028,0,1.031,0,0,1.014,0,0,0,0,1.031,0,0.43022222222222223
164,1.029,1.047,0,0,1.051,0,1.013,1.031,0,1.04,1.062,1.014,1.041,1.021,1.051,1.014,0,0,1.015,0,1.027,1.012,0,0,1.038,0,1.048,1.036,0,1.012,0,1.018,1.02,0,1.026,1.018,0.657888888888889
145,0,1.042,1.053,1.035,1.066,1.04,1.008,1.053,0,1.058,1.064,1.04,1.034,0,1.044,1.042,1.058,0,0,0,1.165,0,1.028,0,0,1.011,0,0,0,0,1.014,0,0,0,0,1.01,0.5518055555555555
173,0,0,1.041,1.024,1.067,1.055,0,1.068,0,1.013,1.027,1.012,1.061,0,0,0,1.024,0,0,0,0,0,1.043,0,1.013,0,1.017,0,0,0,1.011,0,1.017,0,0,0,0.430361111111111
183,0,0,1.02,0,1.088,1.042,0,1.051,0,1.038,1.019,0,0,0,0,1.015,0,0,0,0,1.028,1.026,1.015,1.009,0,0,1.04,1.016,0,0,0,0,0,0,0,0,0.37241666666666673
103,1.02,1.032,1.034,1.033,1.087,0,1.023,0,0,1.012,1.028,0,1.035,0,1.021,0,1.045,0,1.046,0,1.035,0,0,0,1.019,0,0,1.02,0,0,0,0,0,0,0,1.014,0.4584444444444444
108,0,0,0,0,0,0,0,0,0,1.011,0,0,1.013,0,0,0,0,0,0,0,1.031,0,0,0,0,0,0,0,0,0,0,1.012,1.012,0,1.014,1.012,0.19736111111111113
137,0,1.027,0,0,1.075,0,1.059,1.064,0,0,0,0,1.026,0,0,0,0,0,0,0,0,1.018,0,0,0,0,1.069,0,0,1.017,1.017,0,0,0,0,0,0.2603333333333333
189,1.029,1.045,1.035,1.012,1.072,0,1.026,1.062,0,1.028,1.029,0,1.039,0,0,0,1.012,0,0,0,1.016,1.007,0,0,1.023,0,1.019,1.008,0,1.011,0,0,0,0,0,0,0.4853611111111111
175,0,1.015,0,0,1.064,0,1.016,0,0,1.039,0,1.039,1.023,0,0,0,0,0,0,0,0,0,0,0,1.016,0,0,0,0,1.009,0,0,0,0,1.021,1.02,0.28505555555555545
207,0,0,1.13,0,0,0,0,0,0,0,0,0,0,0,0,0,0,0,0,0,0,0,0,0,0,0,0,0,0,0,0,0,0,0,0,0,0.03138888888888888
131,1.012,1.036,1.031,1.012,1.047,1.039,1.034,1.071,0,1.043,1.017,1.016,1.048,0,1.011,0,1.017,0,0,0,1.076,0,1.015,0,0,0,1.011,0,0,1.038,0,0,0,0,0,0,0.5159444444444443
106,0,0,1.012,1.014,1.044,0,1.017,0,0,1.048,1.031,0,1.053,0,0,0,0,0,0,0,1.011,0,0,0,1.013,0,0,0,0,0,0,0,0,0,1.017,0,0.2849999999999999
81,0,1.062,1.033,1.015,1.029,0,0,0,0,1.037,1.019,0,0,1.015,0,0,0,0,0,0,1.018,0,1.013,0,0,0,0,0,0,0,0,0,0,0,0,0,0.25669444444444445
160,0,1.031,1.047,1.011,1.041,0,0,1.064,0,1.023,1.01,0,1.048,0,1.015,1.033,0,0,0,0,0,1.019,1.014,0,1.017,0,0,1.017,0,1.005,0,1.021,1.034,1.019,1.014,1.03,0.5698055555555555
18,0,0,0,0,0,0,1.015,0,0,0,0,0,0,0,0,0,0,0,0,0,0,0,0,0,0,0,0,0,0,0,0,0,0,0,0,0,0.028194444444444442
50,0,0,0,0,0,0,0,0,0,0,0,0,0,0,0,0,0,0,0,0,0,0,0,0,0,0,1.014,0,0,1.01,0,0,0,0,0,0,0.05622222222222222
140,0,1.041,0,0,1.062,1.062,1.039,1.051,0,1.046,1.028,1.03,1.012,0,0,1.012,1.027,1.02,1.012,0,1.014,1.023,1.025,1.036,1.016,0,1.055,1.034,1.033,1.029,0,1.009,1.027,1.021,1.024,0,0.7441111111111112
154,0,1.048,1.019,0,1.07,1.027,0,1.067,0,1.108,1.037,0,1.102,1.01,0,0,1.017,0,1.019,0,1.033,0,0,0,1.026,0,1.015,0,0,1.013,0,0,0,0,1.025,0,0.4621111111111111
41,0,0,0,0,0,0,1.013,0,0,0,0,0,0,0,0,0,0,0,0,0,0,0,0,0,0,0,0,0,0,0,0,0,0,0,0,0,0.028138888888888887
129,0,1.054,1.017,1.017,1.085,1.054,0,1.102,0,1.012,1.127,1.018,1.023,0,1.027,1.015,1.015,0,1.019,0,1.068,1.013,1.028,0,1.011,0,1.014,0,0,1.017,0,0,0,0,1.018,0,0.6042777777777778
46,0,0,0,0,0,0,1.012,0,0,0,0,0,0,0,0,0,0,0,0,0,0,0,0,0,0,0,0,0,0,0,0,0,0,0,0,0,0.02811111111111111
114,0,1.054,1.042,0,1.079,1.067,0,1.02,0,1.046,1.071,1.014,1.044,0,0,0,0,0,0,0,1.053,1.043,0,0,1.032,0,1.025,1.013,1.012,0,0,0,0,0,0,0,0.4337500000000001
158,1.02,1.037,1.027,1.019,1.072,0,1.032,1.078,0,1.031,1.061,1.025,1.047,0,0,0,1.01,0,1.019,0,1.03,0,1.032,0,1.06,0,1.012,1.028,0,0,1.012,1.009,1.013,0,1.027,0,0.6305833333333334
138,0,1.029,1.027,1.025,1.091,0,1.013,1.04,0,1.044,1.096,1.016,1.042,0,0,1.047,0,0,0,0,1.013,1.064,0,1.015,1.031,0,1.033,0,0,0,0,0,0,0,0,0,0.4618333333333334
141,0,1.058,1.009,0,1.048,1.033,1.042,1.06,0,0,1.016,0,1.091,0,0,0,1.016,0,1.018,0,1.011,0,1.014,0,0,0,1.023,1.01,0,1.012,1.014,1.019,0,0,1.022,0,0.5143333333333332
15,0,0,0,0,0,0,0,0,0,0,0,0,0,0,0,0,0,0,0,0,1.014,0,0,0,0,0,0,0,0,0,0,0,0,0,0,0,0.028166666666666666
94,0,1.065,1.044,0,1.018,1.035,0,1.078,0,1.043,1.025,1.02,1.032,1.02,0,1.016,1.117,0,0,0,1.016,1.022,1.014,0,1.03,0,1.02,0,0,1.015,0,1.021,0,1.019,0,0,0.5741666666666666
42,0,0,0,0,0,0,1.011,0,0,0,0,0,0,0,0,0,0,0,0,0,0,0,0,0,0,0,0,0,0,0,0,0,0,0,0,0,0.02808333333333333
102,0,1.036,0,0,1.085,0,1.029,1.079,0,0,0,0,1.06,0,0,0,0,0,1.022,0,0,0,0,0,1.016,0,1.011,0,0,1.022,0,0,0,0,1.026,0,0.2885
105,0,0,0,0,1.03,0,0,0,0,1.015,1.016,0,1.039,0,0,0,0,0,0,0,1.037,0,1.012,0,0,0,1.016,1.014,0,0,0,0,0,0,0,0,0.2271944444444444
76,0,0,1.015,0,1.086,0,0,1.033,0,0,0,0,1.012,0,0,1.027,0,0,0,0,0,0,0,0,1.014,0,0,0,0,0,0,0,0,0,1.015,0,0.20005555555555554
112,0,1.04,0,0,1.095,0,1.026,1.055,0,1.074,1.088,1.029,1.075,0,0,0,1.053,0,0,0,1.044,1.036,1.025,1.012,1.018,0,1.041,1.045,1.018,0,0,0,1.008,0,0,0,0.5217222222222222
70,0,1.016,0,0,1.047,0,1.011,0,0,1.075,1.014,1.021,1.052,0,0,0,0,0,1.026,0,0,0,0,0,1.033,0,1.044,0,0,1.02,1.034,0,0,0,1.026,0,0.37275
155,0,1.049,0,0,1.035,0,0,0,0,1.014,1.035,0,1.031,0,0,1.012,0,0,0,0,1.046,1.018,1.014,0,1.022,0,1.098,1.023,0,1.044,0,0,0,0,0,0,0.37336111111111114
212,0,1.043,0,0,0,0,1.017,0,0,0,0,0,1.016,0,0,0,0,0,0,0,0,0,0,0,1.015,0,0,0,0,0,0,0,0,0,1.018,0,0.14191666666666664
39,0,0,0,0,0,0,1.023,0,0,0,0,0,0,0,0,0,0,0,0,0,0,0,0,0,0,0,0,0,0,0,0,0,0,0,0,0,0.028416666666666663
32,0,0,1.023,0,0,0,0,0,0,0,0,0,0,0,0,0,0,0,0,0,0,0,0,0,0,0,0,0,0,0,0,0,0,0,0,0,0.028416666666666663
180,0,1.032,0,0,1.084,0,0,1.064,1.015,1.019,0,1.016,1.02,0,1.04,0,0,0,0,0,0,0,0,0,0,0,0,0,0,0,0,0,0,0,1.013,0,0.25841666666666663
17,0,0,0,0,0,0,0,0,0,0,0,0,0,0,0,0,0,0,1.019,0,0,0,0,0,0,0,0,0,0,0,0,0,0,0,0,0,0.028305555555555553
167,1.016,1.048,1.033,1.02,1.068,0,0,1.073,1.021,1.052,1.008,1.019,1.07,0,1.033,0,0,0,0,0,1.025,0,1.012,0,1.01,0,0,0,0,0,0,0,0,0,0,0,0.43077777777777787
178,1.029,1.045,1.026,0,1.092,1.042,1.013,1.067,0,0,1.03,0,1.014,0,1.014,1.022,1.13,0,0,0,1.025,0,0,0,1.011,0,1.018,1.011,0,1.018,0,0,0,0,0,0,0.4890833333333333
23,0,0,1.023,0,0,0,0,0,0,0,0,0,0,0,0,0,0,0,0,0,0,0,0,0,0,0,0,0,0,0,0,0,0,0,0,0,0.028416666666666663
159,0,1.032,1.017,0,1.036,1.042,0,1.012,0,1.019,0,1.015,1.013,0,0,1.029,0,1.023,1.011,0,0,0,0,0,0,0,1.015,0,1.015,0,0,1.017,0,0,1.013,0,0.42524999999999996
27,0,0,0,0,0,0,1.017,0,0,0,1.014,0,0,0,0,0,1.027,0,0,0,1.014,0,0,0,0,0,0,1.015,0,0,0,0,0,0,0,0,0.14130555555555555
171,0,1.043,1.018,0,1.06,1.024,1.027,1.055,0,1.047,0,1.016,1.05,0,1.027,1.015,0,0,1.026,0,1.039,1.017,0,1.007,1.042,0,1.031,0,1.015,1.012,0,1.014,0,1.013,0,0,0.5999444444444444
86,0,1.033,1.037,0,1.082,0,0,1.047,0,1.017,0,0,1.03,0,0,1.029,1.031,0,0,0,0,1.036,1.018,0,0,0,0,0,0,0,0,1.02,0,0,0,1.016,0.3443333333333333
59,0,0,1.045,1.033,1.078,0,1.01,1.061,0,1.028,0,0,1.065,0,0,1.041,0,0,1.024,1.016,0,0,0,0,1.01,1.012,0,0,0,0,0,0,0,0,1.037,0,0.3738888888888888
96,0,0,1.013,0,0,0,0,0,0,0,0,0,0,0,0,0,0,0,0,0,0,0,0,0,0,0,0,0,0,0,0,1.017,0,0,1.012,0,0.08449999999999999
36,0,0,0,0,0,0,1.02,0,0,0,0,0,0,0,0,0,0,0,0,0,0,0,0,0,0,0,0,0,0,0,0,0,0,0,0,0,0.028333333333333335
116,0,0,1.021,0,0,0,1.013,0,0,0,0,0,0,0,0,0,0,0,0,0,0,0,0,0,0,0,0,0,0,0,0,0,0,0,0,0,0.056499999999999995
181,0,0,1.017,0,1.043,0,0,1.064,0,1.014,0,0,1.035,0,0,1.051,0,0,1.011,0,0,0,0,0,0,0,0,0,0,0,0,1.011,0,0,1.01,0,0.2571111111111111
10,0,0,0,0,0,0,0,0,0,0,0,0,0,0,0,0,0,0,0,0,0,0,0,0,0,0,0,0,0,0,0,0,1.023,0,0,0,0.028416666666666663
62,0,1.032,1.047,1.013,1.09,0,1.019,1.049,0,1.04,0,1.021,1.014,1.036,0,0,0,0,0,0,1.011,0,0,0,1.015,0,1.07,0,0,1.046,1.032,1.009,0,1.018,1.013,1.012,0.5440833333333333
68,0,1.051,1.036,0,1.082,1.062,0,1.068,0,0,1.02,0,0,0,0,1.025,0,1.012,1.013,0,0,0,0,0,1.033,0,0,0,0,0,0,0,0,0,0,0,0.28894444444444445
157,1.026,1.064,0,0,1.095,1.036,0,1.05,0,1.033,1.045,1.027,1.008,1.017,0,0,0,0,0,0,1.023,0,0,0,1.015,0,0,0,0,0,0,0,0,0,1.015,0,0.37372222222222223
45,1.025,0,0,0,0,0,0,0,0,0,0,0,0,0,0,0,0,0,0,0,0,0,0,0,0,0,1.021,1.02,0,0,0,0,0,0,0,0,0.08516666666666667
77,1.02,1.038,0,0,1.083,0,1.018,1.061,0,0,1.056,0,0,0,1.015,0,0,0,0,0,1.043,0,0,0,0,0,1.039,1.037,1.017,1.017,0,0,0,0,1.017,0,0.3739166666666666
72,1.022,1.057,1.009,0,1.06,1.059,0,1.07,0,1.065,1.033,0,1.087,0,0,1.02,1.055,1.021,1.036,0,1.04,0,1.023,0,1.012,0,1.045,1.016,0,1.064,0,1.011,1.012,0,1.04,1.025,0.6633888888888887
192,0,0,0,0,1.089,0,0,0,0,1.021,0,0,1.017,0,1.03,0,0,0,0,0,1.012,1.033,0,0,1.01,0,1.013,0,0,1.018,0,0,0,0,0,0,0.25675000000000003
169,0,0,0,0,1.062,0,0,0,0,1.01,1.038,1.007,0,0,0,0,0,0,0,0,1.033,0,0,0,0,0,1.022,0,0,0,1.021,0,0,0,1.013,0,0.22794444444444442
38,0,0,0,0,0,0,1.017,0,0,0,0,0,0,0,0,0,0,0,0,0,0,0,0,0,0,0,0,0,0,0,0,0,0,0,0,0,0.028249999999999997
99,0,1.028,0,0,1.028,0,0,1.075,0,1.017,1.031,0,1.067,0,0,1.021,1.036,0,1.047,0,1.026,1.016,0,1.016,1.032,0,1.051,1.03,0,0,1.018,0,1.007,0,1.046,0,0.5164444444444444
63,0,1.049,1.031,0,1.085,1.049,0,1.098,0,1.022,1.065,0,0,0,0,1.016,1.01,0,0,0,1.036,1.011,0,0,0,0,1.066,1.041,0,1.044,0,0,0,0,0,0,0.40619444444444447
149,0,1.067,0,0,1.083,0,0,0,0,0,0,0,1.028,1.013,0,0,0,0,1.023,0,0,0,0,0,1.019,0,0,0,0,1.031,0,0,0,0,0,1.021,0.2301388888888889
110,1.023,1.032,1.028,1.034,1.063,0,0,0,0,0,1.046,0,0,0,1.019,1.014,1.013,0,0,0,0,1.02,1.029,0,0,0,1.013,1.039,0,1.018,0,0,1.061,0,0,1.016,0.45744444444444443
215,0,0,0,0,1.037,0,0,0,0,1.018,0,0,1.035,0,0,0,0,0,0,0,0,0,0,0,0,0,0,0,0,0,0,1.012,0,0,1.017,0,0.14219444444444443
100,0,0,1.031,0,0,1.038,1.015,1.028,0,0,1.023,0,1.027,0,1.016,1.019,1.056,1.016,0,0,1.054,0,0,0,0,0,1.011,1.022,0,0,0,0,0,0,0,0,0.371
124,1.032,1.029,1.027,0,1.057,1.049,0,1.078,0,1.046,1.063,1.036,1.064,0,0,1.011,1.028,0,1.012,0,1.024,1.019,1.02,0,1.017,0,0,1.016,0,1.022,0,0,1.043,0,0,0,0.5748055555555555
8,0,0,1.012,0,0,0,0,0,0,0,0,0,0,0,0,0,0,0,0,0,0,0,0,0,0,0,0,0,0,0,0,0,0,0,0,0,0.02811111111111111
125,0,1.032,1.017,0,1.066,1.05,0,1.043,0,1.098,1.025,1.024,1.094,1.008,1.011,1.017,1.015,0,1.012,1.012,1.062,1.039,1.04,1.017,1.029,1.016,1.057,1.026,1.009,1.023,1.007,1.015,0,0,1.042,1.016,0.8311666666666668
85,1.031,1.03,1.06,1.039,1.073,0,0,1.064,0,1.037,1.019,1.012,1.035,1.009,0,0,0,0,0,0,1.027,1.022,1.028,0,1.036,1.024,1.018,0,0,1.017,1.018,1.018,0,0,1.012,0,0.6008055555555556
26,0,0,0,0,0,0,1.02,0,0,0,0,0,0,0,0,0,0,0,0,0,0,0,0,0,0,0,0,0,0,0,0,0,0,0,0,0,0.028333333333333335
204,0,0,1.022,0,0,0,0,0,0,0,0,0,0,0,0,0,0,0,0,0,0,0,0,0,0,0,0,0,0,0,0,0,0,0,0,0,0.02838888888888889
188,0,1.075,1.041,1.018,1.081,0,0,1.069,0,1.073,1.08,0,1.164,0,1.015,1.014,1.041,0,0,0,0,1.011,1.011,0,1.035,0,0,0,0,0,0,1.014,1.028,0,1.051,0,0.4950277777777776
177,0,1.047,1.017,0,0,1.023,0,1.074,0,0,0,0,1.067,0,0,1.013,1.014,0,0,0,0,1.018,1.014,0,1.016,0,0,0,0,0,0,0,0,0,1.017,0,0.3144444444444444
55,0,1.049,0,0,1.081,0,0,1.09,0,0,0,0,1.016,0,0,0,0,0,0,0,0,0,0,0,0,0,0,1.015,0,0,0,0,0,0,0,0,0.1458611111111111
91,1.023,1.038,1.02,0,1.065,1.048,0,1.062,0,1.211,1.198,1.048,1.137,0,0,1.154,1.077,0,1.013,0,1.074,1.044,1.044,0,0,0,1.088,1.069,1.034,1.04,1.014,1.008,1.056,0,1.019,0,0.7106666666666666
206,0,0,1.034,0,0,0,0,0,0,0,0,0,0,0,0,0,0,0,0,0,0,0,0,0,0,0,0,0,0,0,0,0,0,0,0,0,0.028722222222222222
201,0,0,1.125,1.012,0,0,0,0,0,0,0,0,0,0,0,0,0,0,0,0,0,0,0,0,0,0,0,0,0,0,0,0,0,0,0,0,0.059361111111111114
121,0,1.041,1.02,0,1.101,0,0,1.056,0,1.016,0,0,1.025,0,0,0,0,0,0,0,1.015,1.011,0,0,1.007,0,0,0,0,0,0,1.011,0,0,1.021,0,0.3145555555555555
24,0,0,1.022,0,0,0,0,0,0,0,0,0,0,0,0,0,0,0,0,0,0,0,0,0,0,0,0,0,0,0,0,0,0,0,0,0,0.02838888888888889
30,0,0,0,0,0,0,0,0,0,0,1.018,0,0,0,0,0,0,0,0,0,1.026,0,0,0,0,0,0,0,0,0,0,0,0,0,0,0,0.05677777777777778
127,0,0,0,0,0,0,0,0,0,1.018,0,0,0,1.015,0,0,0,0,0,0,0,0,0,0,0,0,0,0,0,0,0,0,0,0,0,0,0.05647222222222222
47,0,0,0,0,0,0,0,0,0,0,1.025,0,0,0,0,0,0,0,0,0,0,0,0,0,0,0,0,0,0,0,0,0,0,0,0,0,0.028472222222222218
37,0,0,0,0,0,0,1.018,0,0,0,0,0,0,0,0,0,0,0,0,0,0,0,0,0,0,0,0,0,0,0,0,0,0,0,0,0,0.028277777777777777
203,0,0,1.025,0,0,0,0,0,0,0,0,0,0,0,0,0,0,0,0,0,0,0,0,0,0,0,0,0,0,0,0,0,0,0,0,0,0.028472222222222218
199,0,0,1.257,1.019,0,0,0,0,0,0,0,0,0,0,0,0,0,0,0,0,0,0,0,0,0,0,0,0,0,0,0,0,0,0,0,0,0.06322222222222222
152,1.032,1.027,1.022,1.037,1.04,0,1.019,0,0,1.007,1.071,0,1.03,0,0,0,0,0,1.014,0,1.05,1.018,0,1.012,1.033,0,1.027,1.011,0,1.043,0,0,0,0,0,0,0.4859166666666666
83,1.028,1.026,1.066,1.035,1.085,0,0,0,0,1.04,1.04,0,1.013,0,1.017,0,0,0,0,0,1.047,1.007,1.024,0,1.014,0,1.021,1.014,0,0,0,0,0,0,1.021,0,0.4582777777777778
213,0,0,0,0,0,0,1.022,0,0,1.041,0,0,1.051,0,0,0,0,0,0,0,1.009,0,0,0,0,0,0,0,0,0,0,1.01,0,0,1.018,0,0.17086111111111107
174,0,1.03,1.042,0,1.103,1.037,1.023,1.047,0,1.048,1.163,0,1.059,0,0,1.021,1.05,0,1.022,0,1.033,0,1.077,0,1.027,0,0,0,0,1.016,0,0,0,0,1.014,0,0.4947777777777776
147,1.031,1.05,1.033,1.034,1.052,0,1.019,0,0,1.03,1.028,0,1.022,0,0,1.022,1.016,0,1.026,0,1.05,1.038,1.014,0,1.027,0,1.032,1.03,0,0,0,1.013,0,0,1.011,0,0.5716111111111111
80,0,1.041,0,0,1.065,0,1.032,1.044,0,1.026,1.066,0,1.081,0,0,0,0,0,1.036,0,1.033,0,0,0,1.012,0,1.039,1.022,0,1.056,0,0,0,0,1.031,0,0.40511111111111114
35,0,0,0,0,0,0,0,0,0,0,0,0,0,0,0,0,0,0,0,0,1.022,0,0,0,0,0,0,0,0,0,0,0,0,0,0,0,0.02838888888888889
165,0,1.062,1.029,0,1.06,0,0,1.07,0,1.013,0,1.017,0,0,0,1.012,1.018,0,1.013,0,0,1.017,0,0,1.019,0,1.021,0,1.011,0,0,1.013,0,0,1.014,0,0.42747222222222214
142,1.031,1.046,1.034,0,1.092,1.047,1.023,1.037,0,1.016,1.054,0,1.034,0,0,1.02,1.076,0,1.009,0,1.036,0,1.022,0,0,0,1.045,1.095,0,1.081,0,0,0,0,0,0,0.5221666666666667
176,0,0,0,0,1.07,0,0,0,0,1.021,0,0,0,0,1.014,0,0,0,0,0,1.027,0,0,0,0,0,1.009,1.019,0,0,0,1.02,0,0,0,0,0.19944444444444442
185,0,1.054,0,0,1.094,0,1.013,1.043,0,1.09,1.031,1.038,1.061,0,0,1.019,0,0,1.021,0,1.029,1.032,0,0,1.023,0,1.03,0,0,1.013,1.012,0,1.052,0,0,1.02,0.5187499999999999
133,0,1.045,0,0,1.043,0,1.015,0,0,1.032,0,0,1.024,0,0,0,0,0,0,0,0,1.018,0,1.011,1.017,0,1.014,0,0,1.013,0,0,0,0,0,1.015,0.3124166666666667
69,0,1.048,1.021,0,1.064,1.042,0,0,0,1.051,1.053,1.051,1.069,0,1.017,1.056,1.013,0,1.043,0,0,1.085,1.057,1.015,1.045,0,1.111,1.025,1.045,1.075,0,0,1.017,0,1.023,0,0.6396111111111111
54,0,1.029,1.03,0,0,1.051,1.013,1.021,0,1.101,1.052,1.052,1.211,0,0,1.024,1.022,0,0,0,1.022,0,1.028,0,0,0,1.009,1.034,0,1.012,0,1.012,1.016,0,1.109,1.013,0.5794722222222224
126,0,0,1.048,0,1.069,1.039,0,1.03,0,1.019,1.039,0,1.041,0,0,1.029,1.014,0,0,0,1.037,1.052,1.028,1.011,0,0,1.014,0,0,0,0,0,0,0,0,0,0.4019444444444444
113,0,1.034,1.017,0,1.057,0,0,1.022,0,0,0,0,0,1.016,0,0,0,0,0,0,0,1.009,0,0,1.016,0,0,0,0,0,1.016,0,0,0,0,0,0.22741666666666666
101,0,1.031,1.019,0,1.064,0,0,1.072,0,1.039,1.017,0,1.052,0,0,1.013,0,0,1.014,0,0,1.034,0,0,1.038,0,1.026,0,0,1.008,0,0,0,0,1.033,0,0.4016666666666666
75,1.023,1.038,1.012,0,1.114,1.043,0,1.036,0,1.089,1.031,1.03,1.095,0,0,1.032,1.028,0,1.021,0,1.06,1.054,1.019,0,1.037,0,1.04,1.041,0,1.031,0,0,0,0,1.017,0,0.6080833333333333
74,0,1.044,0,0,1.074,0,0,1.086,0,1.012,0,0,1.066,0,0,1.017,0,1.015,1.015,0,0,1.011,0,0,1.014,0,1.014,0,0,1.011,0,1.016,0,1.006,1.043,0,0.42899999999999994
153,0,1.049,0,0,1.057,0,0,1.097,0,0,1.013,0,1.046,0,0,0,1.009,0,0,0,1.021,0,1.02,0,1.022,0,1.012,1.021,0,0,0,1.026,0,0,1.022,0,0.3726388888888889
144,1.027,1.032,1.023,0,1.075,1.051,0,1.074,0,1.046,1.04,1.012,1.064,0,1.031,1.049,1.07,0,1.01,0,1.024,1.064,1.059,1.015,1.042,0,1.076,1.048,1.011,1.029,0,0,0,0,1.059,0,0.6953055555555556
73,0,1.029,0,0,1.092,0,0,1.057,0,1.015,0,0,1.096,1.016,0,0,0,0,1.013,0,0,0,0,0,1.028,0,1.025,0,0,1.02,0,0,0,0,1.039,0,0.3175
122,0,1.032,0,0,1.035,0,0,0,0,0,0,0,1.018,0,0,1.014,0,0,1.014,0,1.008,1.048,1.017,0,1.043,0,0,1.007,0,0,0,0,0,0,0,0,0.2843333333333333
130,1.02,1.058,1.085,1.076,1.074,1.057,1.025,1.029,0,1.05,1.088,1.011,1.068,1.021,0,1.18,1.083,1.022,1.053,0,1.122,1.032,1.027,0,1.068,0,1.078,1.09,0,1.096,0,0,1.019,0,0,0,0.737
48,0,0,0,0,0,0,1.021,0,0,0,0,0,0,0,0,0,0,0,0,0,0,0,0,0,0,0,0,0,0,0,0,0,0,0,0,0,0.028361111111111108
11,0,0,0,0,0,0,0,0,0,0,1.012,0,0,0,0,0,0,0,0,0,0,0,0,0,1.015,0,0,0,0,0,0,0,0,0,0,0,0.05630555555555556
151,1.025,1.06,1.028,1.018,1.063,0,0,1.036,0,0,1.031,0,0,0,0,1.037,1.02,1.013,1.012,0,1.043,1.062,1.026,1.01,1.093,1.014,0,0,0,0,0,0,0,0,1.076,1.025,0.5469999999999999
78,0,0,0,0,1.045,0,1.016,1.078,0,1.016,0,1.017,1.014,0,0,0,0,0,0,0,0,0,0,0,0,0,0,0,0,0,0,0,0,0,0,0,0.17183333333333337
163,0,1.047,0,0,1.126,0,1.019,1.086,0,1.021,0,0,1.037,0,1.022,0,0,0,0,0,1.06,1.013,0,0,1.016,0,1.038,1.018,0,1.034,0,0,0,0,1.02,0,0.40436111111111117
53,0,0,0,0,0,0,0,0,0,0,0,0,0,0,1.012,1.012,0,0,0,0,0,1.018,1.012,0,1.015,0,0,0,0,0,0,0,0,0,0,0,0.14080555555555554
60,0,1.073,1.032,1.015,1.08,1.043,0,1.1,0,0,1.054,0,1.047,0,1.013,1.014,0,0,1.059,0,1.032,1.029,1.01,1.019,1.045,0,1.017,0,0,1.025,0,0,1.021,0,1.034,0,0.5767222222222221
57,1.024,1.05,0,0,1.075,0,0,1.06,0,1.04,1.013,1.023,1.037,0,0,1.014,0,1.021,1.058,0,1.051,1.021,0,0,1.065,0,1.015,0,0,1.009,0,0,0,0,1.02,0,0.4887777777777777
90,0,1.044,0,0,1.039,0,1.013,1.064,0,1.045,0,0,1.073,0,1.019,1.056,0,0,1.029,0,1.025,1.048,0,0,1.091,0,1.043,0,0,1.029,0,0,0,0,0,1.019,0.43436111111111114
20,0,0,0,0,0,0,0,0,0,0,1.018,0,0,0,0,0,0,0,0,0,0,0,0,0,0,0,0,0,0,0,0,0,0,0,0,0,0.028277777777777777
200,0,0,1.164,1.011,0,0,0,0,0,0,0,0,0,0,0,0,0,0,0,0,0,0,0,0,0,0,0,0,0,0,0,0,0,0,0,0,0.06041666666666666
4,0,0,0,0,0,0,0,0,0,0,0,0,0,0,0,0,0,0,0,0,0,0,1.015,0,0,0,0,0,0,0,0,0,0,0,0,0,0.028194444444444442
104,0,1.049,0,0,1.051,0,0,1.07,0,1.011,1.058,1.014,1.061,0,0,1.016,1.018,0,1.018,0,1.025,1.019,0,1.018,1.01,0,0,0,0,0,0,0,1.067,0,1.044,0,0.4596944444444445
66,0,0,0,0,0,0,0,0,0,1.034,1.007,1.018,1.024,0,0,0,0,0,0,0,0,0,0,0,0,0,0,0,0,0,0,0,0,0,0,0,0.11341666666666667
3,0,0,1.018,0,0,0,0,0,0,0,0,0,0,0,0,1.023,0,0,0,0,0,1.018,1.013,0,0,0,0,0,0,0,0,0,0,0,0,0,0.1131111111111111
1,0,0,0,0,0,0,0,0,0,1.015,0,0,1.016,0,0,0,0,0,0,0,0,0,0,0,0,0,0,0,0,0,0,0,0,0,0,0,0.05641666666666666
168,0,1.037,1.024,1.014,1.054,0,1.019,1.031,0,0,1.03,0,1.038,0,0,1.012,0,0,1.018,0,1.019,0,0,0,1.01,0,0,0,0,0,0,1.014,1.011,0,1.016,0,0.42630555555555555
161,1.018,1.051,1.018,0,1.062,1.037,0,1.074,0,1.037,1.096,1.016,1.019,0,1.012,1.045,1.15,0,0,0,1.026,1.031,1.031,0,1.033,0,1.026,1.041,0,1.023,0,1.017,0,0,1.014,0,0.6354722222222223
132,0,0,1.027,0,0,0,0,0,0,1.013,1.038,0,1.015,0,1.016,1.025,0,0,1.028,0,1.012,0,1.022,0,1.018,0,1.01,0,0,1.029,0,0,0,0,0,0,0.34036111111111117
33,0,0,0,0,0,0,1.014,0,0,0,0,0,0,0,0,0,0,0,0,0,0,0,0,0,0,0,0,0,0,0,0,0,0,0,0,0,0.028166666666666666
13,0,0,0,0,0,0,0,0,0,0,0,0,1.02,0,0,0,0,0,0,0,0,0,0,0,1.014,0,0,0,0,0,0,0,0,0,0,0,0.056499999999999995
218,0,1.04,0,0,1.074,0,0,1.03,0,0,0,0,1.014,0,0,0,0,0,0,0,0,0,0,0,0,0,0,0,0,0,0,0,0,0,0,0,0.1155
19,0,0,0,0,0,0,0,0,0,0,0,0,0,0,0,0,0,0,1.017,0,0,0,0,0,0,0,0,0,0,0,0,0,0,0,0,0,0.028249999999999997
190,1.023,1.028,1.126,1.118,1.079,1.039,1.024,1.034,0,1.087,1.171,0,1.059,1.038,0,1.161,1.068,0,1.026,0,1.087,1.22,1.209,1.015,1.064,1.016,1.081,1.052,0,1.059,1.042,0,0,0,1.024,0,0.776388888888889
146,0,1.034,1.045,1.043,1.066,0,0,0,0,0,0,0,1.017,0,0,0,0,0,0,0,0,0,0,0,0,0,0,0,0,0,0,0,0,0,0,0,0.14458333333333334
196,1.59,2.692,0,0,0,0,0,0,0,0,0,0,0,0,0,0,0,0,0,0,0,0,0,0,0,0,0,0,0,0,0,0,0,0,0,0,0.11894444444444445
134,1.022,1.048,1.031,1.016,1.064,1.021,0,1.049,0,1.045,1.035,1.015,1.03,0,0,1.039,1.068,1.015,1.009,0,1.034,1.017,1.025,0,1.013,0,1.047,1.053,1.018,0,1.033,0,1.015,0,1.014,1.017,0.74425
67,0,1.052,1.058,1.018,1.074,0,0,1.052,0,1.035,1.031,1.018,1.028,0,0,0,0,0,1.017,0,1.022,1.018,0,0,1.048,0,1.026,1.049,0,1.019,0,0,1.056,0,1.036,0,0.51825
