Node,1,2,3,5,6,7,8,10,11,12,13,19,21,25,28,30,32,34,35,4,16,17,22,23,27,15,29,14,24,26,31,33,18,36,9,20,AVG
98,5313.4684477306555,6111.05699108493,4851.288107708002,6737.904343377976,4539.145362778465,10180.31405452806,6795.329622038118,18976.546585648146,12952.019068667763,15489.372452445654,12546.796875,8092.000943458686,11673.82634567002,7146.1669921875,6522.064987182617,21073.248392740887,11685.927564538042,6380.252092633928,7421.194207442434,0.0,0.0,0.0,0.0,0.0,0.0,0.0,0.0,0.0,0.0,0.0,0.0,0.0,0.0,0.0,0.0,0.0,5124.664539912829
196,241308.609375,728242.8968466482,0.0,0.0,0.0,0.0,0.0,0.0,0.0,0.0,0.0,0.0,0.0,0.0,0.0,0.0,0.0,0.0,0.0,0.0,0.0,0.0,0.0,0.0,0.0,0.0,0.0,0.0,0.0,0.0,0.0,0.0,0.0,0.0,0.0,0.0,26931.98628393467
147,5313.4684477306555,6111.05699108493,9673.965913614651,6737.904343377976,0.0,10180.31405452806,0.0,9670.794270833332,8542.743266858553,0.0,4219.6033296130945,8087.924175715043,17241.432402012713,14000.214419157608,13049.877563476562,0.0,11684.750594429348,0.0,7426.5283203125,8798.58203125,13544.448680932972,4370.824084051724,21346.15203302557,6753.933756510416,11803.246694711539,0.0,0.0,0.0,0.0,0.0,0.0,0.0,0.0,0.0,0.0,0.0,5515.493482589645
77,5313.4684477306555,6111.05699108493,0.0,6737.904343377976,0.0,10180.31405452806,6795.329622038118,0.0,17293.1484375,0.0,0.0,0.0,17090.452322232522,0.0,19797.374404907227,7150.126831054688,0.0,0.0,7426.5283203125,0.0,0.0,0.0,0.0,0.0,17735.469501201926,7695.96150453629,6326.190234375001,0.0,0.0,0.0,0.0,0.0,0.0,0.0,0.0,0.0,3768.147917079997
190,5313.4684477306555,6111.05699108493,38247.21616242039,6737.904343377976,4539.145362778465,20134.845583545917,3411.6641805460167,28474.45963541666,56543.00388055099,0.0,16684.95483630952,15953.146153336866,34155.41934255826,27895.388926630432,26502.24380493164,28181.599880642363,0.0,0.0,7421.194207442434,33767.091105143234,88083.2799196105,18244.05138739224,106448.26105291196,89488.42944335936,29587.270132211543,0.0,0.0,19558.20029296875,9318.366350446428,6108.6376953125,12576.712695312499,0.0,0.0,0.0,0.0,0.0,20541.305883721463
56,5313.4684477306555,6111.05699108493,4851.288107708002,3442.2727737757036,4539.145362778465,20134.845583545917,3411.6641805460167,23744.956235532405,17317.230777138157,7741.926619819974,20760.405691964286,15953.146153336866,22761.143157441737,20916.972019361412,19833.513061523438,28110.89119466146,0.0,0.0,14605.41545024671,0.0,0.0,9362.531990840516,0.0,6754.468017578124,35446.72445913462,7695.962166078629,0.0,5802.755273437499,0.0,0.0,32483.19580078125,6553.977154356061,0.0,0.0,0.0,0.0,9545.804351955634
83,5313.4684477306555,6111.05699108493,9673.965913614651,6737.904343377976,0.0,0.0,0.0,14223.93880208333,12964.82396175987,0.0,4218.393787202381,0.0,17246.84437897246,7143.830672554347,6522.064987182617,0.0,0.0,0.0,7427.831183182566,8798.58203125,0.0,0.0,7141.744762073865,13676.658040364582,12057.831129807693,7696.574754284274,0.0,0.0,0.0,0.0,0.0,0.0,0.0,0.0,0.0,0.0,4082.097616292395
134,5313.4684477306555,6111.05699108493,9703.265401074841,6737.904343377976,2254.737029122834,0.0,6795.329622038118,18992.769097222223,12973.777163856908,7741.926619819974,8443.4484375,8087.924175715043,11667.954680879237,7146.1669921875,19892.14828491211,0.0,0.0,0.0,7423.810983758223,4395.473958333334,13553.507557744566,18392.047279094826,7142.578628077652,13687.092529296873,17870.361328125004,0.0,6324.8625,0.0,0.0,0.0,12576.712695312499,6553.975941051136,7751.45751953125,7100.229147518382,0.0,0.0,7073.166315399058
110,5313.4684477306555,6111.05699108493,9673.965913614651,6737.904343377976,0.0,0.0,0.0,0.0,12965.911415501645,0.0,0.0,0.0,0.0,0.0,13050.580932617188,7150.126831054688,0.0,0.0,0.0,8798.58203125,6768.646456068841,4371.270979256465,7141.744762073865,13659.888590494791,6024.588641826924,7695.426316784274,0.0,0.0,0.0,0.0,0.0,28186.18963068182,0.0,7100.229147518382,0.0,0.0,4187.488373081586
189,5313.4684477306555,6111.05699108493,9689.007190485669,6737.904343377976,0.0,20134.845583545917,6795.329622038118,9672.1484375,8541.073499177632,0.0,12481.484430803572,0.0,5826.532830707097,7144.947350543478,6520.985397338867,7151.1619059244795,0.0,0.0,0.0,4397.3775634765625,0.0,4371.409617456896,7142.578628077652,0.0,6026.551983173077,0.0,0.0,0.0,0.0,0.0,0.0,0.0,0.0,0.0,0.0,0.0,3723.8295506234044
187,5313.4684477306555,6111.05699108493,4853.178455911625,6737.904343377976,0.0,0.0,0.0,4830.95775462963,4267.395662006579,0.0,16626.51607142857,8087.924175715043,5830.448867021981,20932.94518512228,19824.48989868164,0.0,0.0,0.0,0.0,4395.9287109375,6775.74901636096,0.0,0.0,0.0,6025.569411057692,0.0,0.0,0.0,0.0,0.0,0.0,0.0,0.0,0.0,0.0,0.0,3350.3759164185294
75,5313.4684477306555,6111.05699108493,4852.12357247711,6737.904343377976,4539.145362778465,0.0,3411.6641805460167,28463.480902777774,8539.141138980263,15489.372452445654,24911.48125,8089.201941538666,22938.450576006355,21146.041737432064,19801.56394958496,14069.755560980904,0.0,0.0,7421.194207442434,0.0,13555.827035212862,8744.54098195043,21241.76054243608,6759.841308593749,17775.847806490387,0.0,0.0,0.0,0.0,0.0,0.0,0.0,0.0,0.0,0.0,0.0,7497.579563607437
84,5313.4684477306555,6111.05699108493,4850.064748581808,6737.904343377976,4539.145362778465,0.0,0.0,9669.76707175926,4267.721062911184,7742.551630434784,12493.997265625,15819.470703125,11666.181971663134,7148.589291779891,0.0,7152.295023600261,0.0,0.0,21791.085976048522,0.0,13507.454823369566,4371.409617456896,7145.280591560133,6753.933756510416,0.0,0.0,0.0,0.0,0.0,0.0,0.0,6551.549331202652,0.0,0.0,0.0,0.0,4545.35911140557
158,5313.4684477306555,6111.05699108493,4852.12357247711,6737.904343377976,0.0,20033.646045918365,6795.329622038118,9670.794270833332,17301.119757401317,15710.869437839676,12474.94056919643,8087.924175715043,11674.759624933791,28113.95847486413,13050.580932617188,0.0,11684.750594429348,0.0,14511.452405427632,4397.3775634765625,0.0,4371.125370420258,0.0,13698.394531249998,6025.569411057692,0.0,0.0,0.0,0.0,0.0,5799.61142578125,6551.549331202652,0.0,0.0,0.0,0.0,6471.341858307596
144,5313.4684477306555,6111.05699108493,4852.12357247711,6737.904343377976,4539.145362778465,0.0,6795.329622038118,14235.81597222222,12928.654348273027,7743.231700067936,20753.518415178572,8090.599327992585,11666.186316538664,14081.995159646738,19797.38053894043,14069.755560980904,0.0,0.0,21685.29052734375,0.0,27096.931329257248,23440.234375,28360.99038233902,27425.734374999996,23786.790865384617,16111.114793346773,6327.668359375,0.0,9318.366350446428,0.0,0.0,0.0,0.0,0.0,0.0,0.0,9479.702417689476
157,5313.4684477306555,6111.05699108493,0.0,6737.904343377976,4539.145362778465,0.0,6795.329622038118,14237.94487847222,12931.631064967107,15489.372452445654,4218.393154761904,0.0,5827.552572993909,7143.830672554347,0.0,0.0,0.0,0.0,7422.444027549342,0.0,0.0,0.0,0.0,0.0,0.0,0.0,0.0,5802.755273437499,0.0,0.0,0.0,0.0,0.0,0.0,0.0,0.0,2849.1896906720035
123,5313.4684477306555,6111.05699108493,14326.971231837182,3442.2727737757036,0.0,10180.31405452806,6795.329622038118,28504.144965277774,25968.72409539474,7743.908139436142,16610.50900297619,8092.000943458686,11658.563666909427,21154.738451086956,6520.985397338867,7153.428141276042,11684.750594429348,0.0,14452.85009765625,8790.849446614584,0.0,28178.5209455819,0.0,6754.468017578124,6023.691256009616,16111.114793346773,0.0,0.0,0.0,0.0,0.0,0.0,0.0,0.0,0.0,0.0,7543.68502987128
103,5313.4684477306555,6111.05699108493,9673.965913614651,6737.904343377976,0.0,10181.650749362245,0.0,4833.927951388889,8541.505139802632,0.0,8299.088839285714,15807.415601827332,11658.563666909427,7147.390879755434,6520.985397338867,0.0,0.0,0.0,0.0,8798.58203125,0.0,14055.220534752156,0.0,0.0,0.0,7695.599640877015,0.0,0.0,0.0,0.0,0.0,0.0,0.0,7100.500229779412,0.0,0.0,3846.578509948258
142,5313.4684477306555,6111.05699108493,9706.847419884554,6737.904343377976,4539.145362778465,10180.31405452806,3411.6641805460167,4830.95703125,17321.854543585527,0.0,8444.340178571427,8087.924175715043,11492.286149364407,0.0,39720.769454956055,42141.11889648438,0.0,0.0,0.0,0.0,6767.977991961051,22828.758587015083,0.0,13677.546712239582,17770.078125000004,0.0,0.0,0.0,0.0,0.0,0.0,0.0,0.0,0.0,0.0,0.0,6641.222573502034
45,5313.4684477306555,0.0,0.0,0.0,0.0,0.0,0.0,0.0,0.0,0.0,0.0,0.0,0.0,0.0,6522.064987182617,0.0,0.0,0.0,0.0,0.0,0.0,0.0,0.0,0.0,6028.440504807692,0.0,0.0,0.0,0.0,0.0,0.0,0.0,0.0,0.0,0.0,0.0,496.22149832558233
167,5313.4684477306555,6111.05699108493,4852.12357247711,6737.904343377976,0.0,0.0,6795.329622038118,18978.288483796296,4268.076197574013,7741.926619819974,16646.960342261904,0.0,11663.07451668432,7143.830672554347,0.0,0.0,0.0,0.0,0.0,4397.3775634765625,0.0,0.0,0.0,6754.468017578124,0.0,15972.799521169354,0.0,0.0,0.0,0.0,0.0,0.0,0.0,0.0,6953.7119140625,0.0,3620.288800713505
111,5313.4684477306555,6111.05699108493,14340.531523686306,6737.904343377976,4539.145362778465,20134.845583545917,3411.6641805460167,19045.78125,8630.303505345395,15661.103345788046,16599.05550595238,23727.431682004768,34292.21774860964,0.0,0.0,14144.958143446182,23327.417374320652,14777.176339285714,7422.444027549342,8789.201416015625,13540.696189990942,27980.826744342674,35393.66935961174,6753.933756510416,17872.194861778848,7695.600963961693,6324.8625,0.0,29674.11411830357,0.0,0.0,6551.549331202652,0.0,0.0,0.0,0.0,11077.587627688072
161,5313.4684477306555,6111.05699108493,4852.12357247711,6737.904343377976,4539.145362778465,0.0,6795.329622038118,9681.124855324073,25979.554533305924,7743.231700067936,8441.626376488095,0.0,11660.066124867584,13952.714206861412,13049.72932434082,14069.755560980904,11684.750594429348,0.0,7422.442922491776,0.0,13555.827035212862,46813.20211476293,14237.394664417616,13522.834228515623,11909.724158653848,7695.96150453629,0.0,0.0,0.0,0.0,0.0,0.0,0.0,0.0,0.0,0.0,7382.471340131786
178,5313.4684477306555,6111.05699108493,4849.090282270104,6737.904343377976,4539.145362778465,10180.31405452806,6795.329622038118,0.0,8539.661646792763,0.0,4224.082589285714,0.0,11663.081468485168,7146.1669921875,6522.064987182617,7151.1619059244795,0.0,0.0,0.0,0.0,6767.977991961051,42164.811186691804,0.0,0.0,6025.569411057692,7695.96150453629,0.0,0.0,0.0,0.0,0.0,0.0,0.0,0.0,0.0,0.0,4234.079132997595
148,5313.4684477306555,6111.05699108493,4850.064748581808,6737.904343377976,4539.145362778465,0.0,6795.329622038118,9559.53197337963,12964.82396175987,0.0,20768.848772321428,8087.924175715043,17113.50014896716,14306.238323709238,6520.985397338867,14142.877278645834,0.0,0.0,0.0,0.0,0.0,4371.409617456896,14154.218690814396,0.0,11839.592848557693,0.0,6324.8625,0.0,0.0,0.0,5803.60703125,0.0,0.0,15526.872012867647,0.0,0.0,5439.785062454879
179,5313.4684477306555,6111.05699108493,0.0,6737.904343377976,0.0,0.0,6795.329622038118,0.0,12934.494526110198,0.0,12443.576897321429,0.0,11417.443061440677,0.0,13196.29898071289,0.0,0.0,0.0,0.0,0.0,13544.446614583334,0.0,21348.81727183949,6753.933756510416,17775.847806490387,0.0,0.0,0.0,0.0,0.0,0.0,0.0,0.0,0.0,0.0,0.0,3732.5727310900133
186,5313.4684477306555,6111.05699108493,9702.006381867039,6737.904343377976,4539.145362778465,0.0,3411.6641805460167,0.0,12815.461939761513,0.0,12454.361272321428,0.0,5831.342173430879,21156.927755604618,13194.305419921875,0.0,0.0,0.0,14605.41545024671,0.0,6775.74901636096,22988.573966190732,0.0,13663.875976562498,6028.440504807692,0.0,0.0,0.0,0.0,0.0,0.0,13786.35555752841,0.0,0.0,0.0,0.0,4975.4459650034005
85,5313.4684477306555,6111.05699108493,14334.072318496219,6737.904343377976,0.0,0.0,6795.329622038118,9488.870081018518,8540.178813733553,7743.231700067936,12493.5390625,0.0,11663.077992584746,13953.152598505434,0.0,7151.1619059244795,11685.927564538042,0.0,7422.444027549342,9313.744222005209,0.0,0.0,7142.579708214963,13659.886474609373,6024.588641826924,0.0,0.0,5799.798046874999,0.0,6108.6376953125,5799.61142578125,0.0,0.0,0.0,0.0,0.0,5091.173935660421
115,5313.4684477306555,6111.05699108493,9705.728857732884,6737.904343377976,4539.145362778465,0.0,6795.329622038118,0.0,8538.125513980263,0.0,4219.008835565475,0.0,5826.532830707097,7146.1669921875,13209.906311035156,0.0,0.0,0.0,21941.63957134046,0.0,0.0,23084.389227505388,0.0,0.0,0.0,0.0,0.0,0.0,0.0,0.0,0.0,0.0,0.0,0.0,0.0,0.0,3421.344525196233
124,5313.4684477306555,6111.05699108493,9702.006381867039,6737.904343377976,4539.145362778465,0.0,6795.329622038118,14448.98220486111,17303.125616776317,15718.272758152176,16600.927529761902,8087.924175715043,5831.342173430879,7143.830672554347,6523.6940841674805,7153.428141276042,0.0,0.0,0.0,0.0,6775.74901636096,8743.267679148707,7141.744762073865,6754.468017578124,0.0,0.0,0.0,0.0,0.0,0.0,0.0,20993.366787997158,0.0,0.0,0.0,0.0,5233.862076909202
57,5313.4684477306555,6111.05699108493,0.0,6737.904343377976,0.0,0.0,6795.329622038118,14353.878038194442,4268.076197574013,15662.151282269024,8450.552641369046,31634.07441737288,17092.96279131356,34879.261846127716,0.0,7150.126831054688,0.0,0.0,7430.2899362664475,0.0,6767.977991961051,0.0,7141.744762073865,0.0,6023.691256009616,0.0,0.0,0.0,0.0,0.0,0.0,0.0,7751.45751953125,0.0,0.0,0.0,5376.777914315258
152,5313.4684477306555,6111.05699108493,9673.965913614651,3438.42463769954,0.0,10180.31405452806,0.0,4833.211805555556,17387.57884457237,0.0,8444.315513392856,8089.201941538666,17372.820134567002,13946.700917119564,6523.6940841674805,21356.810689290367,0.0,0.0,0.0,8798.58203125,0.0,0.0,7141.744762073865,0.0,12062.215745192309,0.0,0.0,0.0,9318.366350446428,0.0,0.0,0.0,0.0,0.0,0.0,0.0,4722.01313510623
130,5313.4684477306555,6111.05699108493,23896.224590714573,6737.904343377976,4539.145362778465,20033.646045918365,3411.6641805460167,14244.049479166664,21638.177939967107,7743.908139436142,16617.08132440476,31621.339049258477,45547.54220736228,27909.55757472826,39764.4315032959,35119.3643866645,0.0,0.0,0.0,18919.23193359375,94909.49900928442,27778.06024380388,14294.23689038826,13659.888590494791,29539.610877403848,0.0,0.0,5802.755273437499,0.0,0.0,0.0,6553.133907433712,7751.45751953125,0.0,0.0,0.0,14707.123216994623
72,5313.4684477306555,6111.05699108493,4849.090282270104,6737.904343377976,4539.145362778465,0.0,6795.329622038118,19060.183738425923,8542.816097861842,0.0,24904.660379464287,15860.96577065678,17254.659941075213,7144.947350543478,6521.5021896362305,28108.741753472226,11684.750594429348,0.0,14869.270045230263,0.0,6767.977991961051,17488.4282731681,0.0,13688.756673177082,17872.194861778848,0.0,0.0,0.0,0.0,0.0,0.0,6551.549331202652,7751.45751953125,15146.396484374998,0.0,0.0,7599.034834590828
91,5313.4684477306555,6111.05699108493,4852.12357247711,6737.904343377976,4539.145362778465,0.0,6795.329622038118,66513.11487268518,56559.78140419408,23603.732188349186,37375.05686383929,8087.924175715043,28456.04320461467,0.0,33149.869384765625,21050.941243489586,11685.927564538042,0.0,7421.194207442434,0.0,60903.76331097147,23300.65513873922,14237.394664417616,20516.045532226562,35450.259014423085,0.0,13872.292187500001,0.0,0.0,0.0,5799.61142578125,20993.366787997158,0.0,0.0,0.0,0.0,14536.833375310462
131,5313.4684477306555,6111.05699108493,9705.927535330415,6737.904343377976,4539.145362778465,20033.646045918365,6795.329622038118,14275.098741319442,4268.428993626645,7743.231700067936,16603.48132440476,0.0,28502.72889218088,0.0,0.0,14317.258463541668,0.0,0.0,0.0,4394.641438802084,0.0,4371.409617456896,0.0,6756.734130859374,6026.551983173077,7695.426316784274,0.0,0.0,0.0,0.0,0.0,0.0,0.0,0.0,0.0,0.0,4838.651943068777
135,5313.4684477306555,6111.05699108493,4850.064748581808,6737.904343377976,4539.145362778465,0.0,6795.329622038118,4830.264033564815,4269.102513363487,7741.926619819974,0.0,0.0,11671.441877979343,0.0,6522.064987182617,0.0,0.0,0.0,7423.810983758223,0.0,0.0,4371.409617456896,7141.744762073865,0.0,6024.588641826924,0.0,0.0,0.0,9318.366350446428,0.0,0.0,0.0,7751.45751953125,15409.044577205881,0.0,0.0,3522.838666661157
151,5313.4684477306555,6111.05699108493,4852.12357247711,6737.904343377976,0.0,0.0,3411.6641805460167,0.0,8543.593852796053,0.0,0.0,8090.599327992585,17092.96279131356,41887.293011209236,0.0,0.0,0.0,0.0,43386.72594572369,4397.3775634765625,20294.99649711277,4371.923508216594,21371.040016867897,13670.777994791666,0.0,0.0,0.0,0.0,9318.366350446428,6108.6376953125,0.0,0.0,7751.45751953125,15526.872012867647,0.0,0.0,6895.523378413197
136,5313.4684477306555,6111.05699108493,0.0,6737.904343377976,4539.145362778465,10180.31405452806,6795.329622038118,9669.645543981482,12995.019094366777,7742.551630434784,16612.37849702381,15953.143736758475,11486.505726959746,13951.099694293478,39801.80923461914,0.0,23327.417374320652,14777.176339285714,28979.137900904603,0.0,6768.646456068841,9133.713900862069,7141.744762073865,13659.889648437498,6025.569411057692,0.0,0.0,0.0,0.0,0.0,0.0,21139.422008167614,0.0,0.0,0.0,0.0,8301.169160587622
65,5313.4684477306555,6111.05699108493,4850.064748581808,6737.904343377976,0.0,0.0,6795.329622038118,9673.080150462962,12977.48452919408,0.0,8351.918489583331,8097.195982852225,11666.180233712923,7148.589291779891,6520.985397338867,0.0,0.0,0.0,0.0,0.0,6773.329320935236,4371.409617456896,0.0,6753.933756510416,0.0,65345.829133064515,0.0,0.0,0.0,0.0,0.0,6553.977154356061,0.0,15146.396484374998,0.0,0.0,5533.003713734331
166,5313.4684477306555,6111.05699108493,0.0,0.0,4539.145362778465,10184.571787308672,0.0,14238.207465277776,4269.417557565789,0.0,12468.280022321429,0.0,11373.903063757944,0.0,0.0,0.0,0.0,0.0,21783.267141241777,0.0,0.0,0.0,0.0,0.0,0.0,0.0,0.0,0.0,0.0,0.0,0.0,6553.133907433712,0.0,15409.761488970587,0.0,0.0,3117.894812096437
164,5313.4684477306555,6111.05699108493,0.0,6737.904343377976,0.0,10180.31405452806,6795.329622038118,14347.945963541664,17312.492084703947,7741.926619819974,16604.11882440476,8089.201941538666,11660.066124867584,20929.410453464672,13047.272644042969,7150.126831054688,11684.750594429348,0.0,14610.052271792763,0.0,6767.977991961051,0.0,7142.579708214963,0.0,17771.273437500004,32348.216355846773,0.0,5799.798046874999,0.0,0.0,0.0,6553.134514086174,0.0,7100.229147518382,0.0,0.0,7272.1846392895295
150,5313.4684477306555,6111.05699108493,4849.090282270104,6737.904343377976,4539.145362778465,10180.31405452806,6795.329622038118,4830.264033564815,12951.108012952303,7741.926619819974,12545.370089285714,0.0,39846.809164790786,0.0,19833.513061523438,14149.31488715278,0.0,0.0,21933.09802888569,0.0,6767.977991961051,22528.641736260775,7141.744762073865,13659.887532552082,11909.724158653848,0.0,0.0,5799.798046874999,9318.366350446428,0.0,0.0,6551.549331202652,7751.45751953125,0.0,0.0,0.0,7494.079456426132
90,0.0,6111.05699108493,0.0,3438.42463769954,0.0,10180.31405452806,6795.329622038118,14268.27907986111,0.0,0.0,20825.219773065477,15809.009335275425,11661.519051244702,41863.54662024456,0.0,14317.346327039932,0.0,0.0,0.0,0.0,20345.253736413044,0.0,21340.095703125,0.0,17988.936598557695,7696.574754284274,0.0,0.0,0.0,0.0,0.0,0.0,0.0,7100.229147518382,0.0,0.0,6103.920428666118
122,0.0,6111.05699108493,0.0,3438.42463769954,0.0,0.0,0.0,0.0,0.0,0.0,4219.009468005952,8087.924175715043,5828.551894365731,13997.024668817934,6521.5021896362305,0.0,0.0,0.0,0.0,0.0,6767.977991961051,0.0,14167.89538944129,6754.468017578124,0.0,0.0,0.0,0.0,0.0,0.0,0.0,0.0,0.0,0.0,0.0,0.0,2108.1620951196064
129,0.0,6111.05699108493,4851.288107708002,6737.904343377976,4539.145362778465,0.0,6795.329622038118,4832.471788194444,39110.04029605263,7741.926619819974,8441.625744047618,8087.924175715043,22767.780389300846,7147.389818274456,0.0,7151.1619059244795,0.0,0.0,7423.810983758223,4394.641438802084,6769.371744791667,4371.124983162715,7142.579708214963,13513.358235677082,6025.569411057692,7695.600963961693,0.0,0.0,0.0,0.0,0.0,0.0,0.0,0.0,0.0,0.0,5323.641739826197
177,0.0,6111.05699108493,4849.090282270104,0.0,2254.737029122834,0.0,6795.329622038118,0.0,0.0,0.0,16602.16458333333,0.0,0.0,7143.830672554347,0.0,0.0,0.0,0.0,7421.194207442434,0.0,6775.333163496377,4371.799198545258,7152.036310369319,6759.841308593749,0.0,0.0,0.0,0.0,0.0,0.0,0.0,0.0,0.0,0.0,0.0,0.0,2117.6781491347447
168,0.0,6111.05699108493,4852.12357247711,6737.904343377976,0.0,10181.650749362245,3411.6641805460167,0.0,8540.627826891448,0.0,8448.077901785713,8092.000943458686,5827.552572993909,7146.1669921875,0.0,0.0,11684.750594429348,0.0,7421.194207442434,4397.3775634765625,6767.977991961051,0.0,0.0,0.0,0.0,0.0,0.0,0.0,0.0,0.0,0.0,6552.302793560606,0.0,0.0,0.0,0.0,2949.234145139876
140,0.0,6111.05699108493,0.0,6737.904343377976,4539.145362778465,20140.357461734693,6795.329622038118,14234.574652777776,8541.937448601973,15490.35262398098,4219.008519345238,8087.924175715043,5825.514391882944,7149.750021229619,13193.34748840332,14140.993570963543,11685.927564538042,6382.305803571428,7425.184017783717,0.0,6769.372777966486,8742.15625,14214.828435724434,13659.886474609373,23717.048076923078,0.0,14209.112500000001,0.0,19669.94454520089,0.0,0.0,13995.172614820076,7751.45751953125,0.0,0.0,0.0,7873.044257071761
93,0.0,6111.05699108493,14343.924325736467,6737.904343377976,4539.145362778465,0.0,6795.329622038118,0.0,0.0,0.0,4224.082589285714,8097.195982852225,5827.552572993909,7149.750021229619,0.0,7153.428141276042,11684.750594429348,0.0,7421.194207442434,8798.58203125,0.0,4371.799198545258,0.0,0.0,0.0,0.0,0.0,0.0,0.0,0.0,0.0,6553.133907433712,0.0,0.0,0.0,0.0,3050.2452747709503
170,0.0,6111.05699108493,4852.225458424562,6737.904343377976,4539.145362778465,0.0,3411.6641805460167,4840.942563657407,8645.499794407895,0.0,4225.6327008928565,8091.999131024894,17251.85749635858,7147.390879755434,6522.625228881836,0.0,11685.927564538042,6382.305803571428,7425.184017783717,0.0,0.0,23510.86046942349,7145.280591560133,41240.65283203125,12062.218449519232,0.0,0.0,0.0,9320.37876674107,0.0,12997.546679687499,0.0,0.0,0.0,0.0,0.0,5948.563869612409
121,0.0,6111.05699108493,4851.288107708002,6737.904343377976,0.0,0.0,6795.329622038118,4832.47142650463,0.0,0.0,8448.65279017857,0.0,5833.764441538665,7144.947350543478,0.0,0.0,11684.750594429348,0.0,7423.810983758223,0.0,0.0,0.0,7141.744762073865,0.0,0.0,0.0,0.0,0.0,0.0,0.0,0.0,0.0,0.0,0.0,0.0,0.0,2139.047817034328
117,0.0,12217.14632686492,9702.005654110271,3438.42463769954,0.0,0.0,6795.329622038118,0.0,4267.395662006579,0.0,16736.510119047616,8087.924175715043,0.0,0.0,0.0,7155.607584635417,0.0,0.0,0.0,0.0,0.0,0.0,0.0,13676.658040364582,6025.569411057692,0.0,0.0,0.0,0.0,0.0,0.0,0.0,0.0,0.0,0.0,0.0,2447.293645376105
79,0.0,6111.05699108493,0.0,6737.904343377976,0.0,0.0,3411.6641805460167,18983.816550925923,25998.18056126645,23568.471424932064,16611.437425595235,15866.067167637711,11484.672189486228,13950.449006453804,6521.5021896362305,7153.428141276042,0.0,0.0,14870.896689967105,0.0,0.0,13700.110789331897,7142.578628077652,6754.468017578124,12062.142728365385,0.0,6326.189453125,0.0,9319.32373046875,0.0,5799.61142578125,6552.301580255682,0.0,0.0,0.0,0.0,6636.840922643594
94,0.0,6111.05699108493,9689.007190485669,3438.42463769954,4539.145362778465,0.0,6795.329622038118,9682.926793981482,4270.987099095395,7743.231700067936,4225.6327008928565,0.0,5828.551459878177,13944.135317595108,0.0,7151.1619059244795,23327.417374320652,6380.252092633928,0.0,0.0,6775.333163496377,32277.268723060348,7152.036310369319,6759.841308593749,6025.569411057692,0.0,0.0,5801.7203125,0.0,0.0,0.0,0.0,0.0,0.0,0.0,0.0,4942.195263265396
114,0.0,6111.05699108493,9705.719396894905,6737.904343377976,4539.145362778465,0.0,3411.6641805460167,9668.57494212963,21643.58681126645,7743.231700067936,8445.945944940475,0.0,17134.40638655323,13953.456182065216,6522.065498352051,0.0,0.0,0.0,0.0,0.0,0.0,0.0,14299.418309067236,0.0,12066.451622596154,0.0,6327.668359375,0.0,0.0,0.0,0.0,0.0,0.0,0.0,0.0,0.0,4119.730445308213
113,0.0,6111.05699108493,4852.12357247711,6737.904343377976,0.0,0.0,3411.6641805460167,0.0,0.0,0.0,0.0,0.0,0.0,7143.830672554347,0.0,0.0,0.0,0.0,0.0,0.0,0.0,0.0,7141.744762073865,0.0,0.0,0.0,0.0,5799.798046874999,0.0,0.0,5799.61142578125,0.0,0.0,0.0,0.0,0.0,1305.4926109658472
80,0.0,6111.05699108493,0.0,6737.904343377976,0.0,20134.845583545917,6795.329622038118,9555.201822916666,17289.54564144737,0.0,24901.69296875,15864.51572431144,11373.586756819384,7146.1669921875,6522.064987182617,28073.804226345488,0.0,0.0,14519.57015830592,0.0,0.0,0.0,0.0,0.0,17988.935246394234,0.0,0.0,0.0,0.0,0.0,0.0,0.0,0.0,0.0,0.0,0.0,5361.506140686321
188,0.0,12217.14632686492,9705.405733728106,6737.904343377976,0.0,0.0,6795.329622038118,19045.515046296296,25962.35773026316,0.0,41539.39880952381,0.0,0.0,13997.024668817934,0.0,0.0,11684.750594429348,0.0,21781.642706620067,4394.900146484375,6769.371744791667,9234.55499057112,7141.744762073865,6754.468017578124,0.0,7695.962166078629,0.0,0.0,0.0,0.0,0.0,13786.111683238636,0.0,0.0,0.0,0.0,6256.766363688225
145,0.0,12217.14632686492,19211.407568670384,6737.904343377976,4539.145362778465,10180.31405452806,6795.329622038118,19060.146122685182,17327.741159539473,23555.948826002037,8441.62700892857,0.0,62644.84683279264,0.0,0.0,0.0,0.0,0.0,0.0,14193.472412109375,20265.140327785324,18614.639816810344,0.0,13513.356119791666,0.0,32348.880544354837,0.0,0.0,0.0,6108.6376953125,5803.60703125,0.0,0.0,7100.229147518382,0.0,0.0,8573.87556453162
95,0.0,6111.05699108493,4851.288107708002,6737.904343377976,0.0,0.0,3411.6641805460167,9553.933738425925,4268.076197574013,7741.926619819974,8351.917857142857,0.0,11414.852646649893,7143.830672554347,0.0,0.0,0.0,0.0,0.0,0.0,0.0,0.0,7141.744762073865,0.0,0.0,7695.426316784274,0.0,0.0,9318.366350446428,0.0,0.0,0.0,0.0,0.0,0.0,0.0,2603.9441328941257
171,0.0,6111.05699108493,4850.064748581808,6737.904343377976,4539.145362778465,20134.845583545917,6795.329622038118,14428.34743923611,0.0,7742.551630434784,12470.6953125,15812.249966896186,17185.524281647246,21156.929347826084,0.0,7153.428141276042,11685.927564538042,6382.305803571428,0.0,0.0,6768.646456068841,0.0,7145.280591560133,0.0,12059.22295673077,15973.660849294354,6324.8625,0.0,9320.37876674107,0.0,0.0,0.0,0.0,0.0,0.0,0.0,6132.732173881342
218,0.0,6111.05699108493,0.0,6737.904343377976,0.0,0.0,3411.6641805460167,0.0,0.0,0.0,4221.729910714285,0.0,0.0,0.0,0.0,0.0,0.0,0.0,0.0,0.0,0.0,0.0,0.0,0.0,0.0,0.0,0.0,0.0,0.0,0.0,0.0,0.0,0.0,0.0,0.0,0.0,568.9543173812003
156,0.0,6111.05699108493,4849.090282270104,6737.904343377976,4539.145362778465,10181.650749362245,0.0,4830.264033564815,0.0,0.0,12454.58515625,0.0,0.0,7144.947350543478,0.0,7151.1619059244795,0.0,0.0,7423.810983758223,0.0,6769.371744791667,4371.799198545258,0.0,0.0,6024.588641826924,0.0,6324.8625,0.0,0.0,0.0,0.0,6553.975941051136,0.0,0.0,0.0,0.0,2818.561532920269
155,0.0,6111.05699108493,0.0,3438.42463769954,0.0,0.0,0.0,4831.714048032407,8542.384457236842,0.0,8442.587053571428,0.0,17186.16819220074,14308.078931725542,6522.064987182617,21059.37935384115,0.0,0.0,0.0,0.0,6769.372777966486,0.0,7143.489183830493,6754.468017578124,35452.67668269231,0.0,0.0,0.0,0.0,0.0,0.0,0.0,0.0,0.0,0.0,0.0,4071.1629254067393
153,0.0,6111.05699108493,0.0,6737.904343377976,0.0,0.0,6795.329622038118,0.0,4269.417557565789,0.0,12550.332533482142,0.0,5824.584154032044,14086.280358355978,6522.064987182617,0.0,23327.417374320652,0.0,14607.618935032895,0.0,0.0,4370.975114493534,0.0,6754.468017578124,6025.569411057692,0.0,0.0,0.0,0.0,0.0,0.0,0.0,0.0,0.0,0.0,0.0,3277.3060944334024
149,0.0,6111.05699108493,0.0,6737.904343377976,0.0,0.0,0.0,0.0,0.0,0.0,8443.450967261904,8097.195982852225,0.0,7148.589291779891,0.0,14046.783542209203,0.0,0.0,0.0,0.0,0.0,0.0,0.0,0.0,0.0,0.0,0.0,5799.798046874999,0.0,0.0,0.0,0.0,0.0,7100.229147518382,0.0,0.0,1763.4724531377642
162,0.0,12217.14632686492,0.0,3438.42463769954,4539.145362778465,10180.31405452806,3411.6641805460167,9555.202546296296,8538.615953947368,7741.926619819974,16603.892410714285,0.0,5825.514391882944,7143.830672554347,6523.6940841674805,7152.2939520941845,0.0,0.0,7421.194207442434,0.0,6769.371744791667,4370.683509563577,7141.744762073865,6754.468017578124,6025.569411057692,0.0,0.0,0.0,9318.366350446428,0.0,0.0,13786.35555752841,0.0,0.0,0.0,0.0,4568.317187621557
101,0.0,6111.05699108493,4853.178455911625,6737.904343377976,0.0,0.0,6795.329622038118,9669.76634837963,4268.772101151316,0.0,16639.371056547618,8092.000943458686,0.0,21151.01902173913,0.0,7155.607584635417,0.0,0.0,14522.830078125,0.0,6775.74901636096,0.0,14167.89538944129,0.0,12059.37890625,0.0,0.0,0.0,0.0,0.0,0.0,0.0,0.0,0.0,0.0,0.0,3861.107218291714
141,0.0,6111.05699108493,4849.090282270104,6737.904343377976,2254.737029122834,20134.845583545917,6795.329622038118,0.0,4270.987099095395,0.0,24898.21707589286,8092.000943458686,5829.518629171081,0.0,6522.625228881836,7154.53554280599,11684.750594429348,0.0,7430.2899362664475,0.0,0.0,4371.799198545258,0.0,6754.468017578124,12066.452524038463,0.0,0.0,0.0,0.0,0.0,5800.52060546875,0.0,0.0,0.0,0.0,0.0,4215.531367974225
139,0.0,6111.05699108493,23902.607017565686,6737.904343377976,0.0,49977.497608418365,6795.329622038118,104590.83912037035,47819.130910773034,23498.882876188858,120580.63792782738,31627.182335805086,5826.532830707097,27903.413722826084,0.0,28111.921983506945,11684.750594429348,0.0,28976.516704358553,14348.435180664062,0.0,4370.975114493534,0.0,0.0,6025.569411057692,0.0,0.0,12576.935546875,0.0,0.0,0.0,0.0,0.0,0.0,0.0,0.0,15596.281106732446
128,0.0,12217.14632686492,0.0,6737.904343377976,0.0,0.0,3411.6641805460167,9507.191840277777,12951.10701069079,7741.926619819974,12479.445758928572,0.0,5825.514391882944,7143.830672554347,0.0,7151.1619059244795,0.0,0.0,7421.194207442434,0.0,0.0,4370.683509563577,7141.744762073865,13659.886474609373,6023.691256009616,0.0,0.0,5799.798046874999,9318.366350446428,0.0,0.0,6552.302793560606,0.0,0.0,6953.7119140625,0.0,4233.5631212642
67,0.0,6111.05699108493,9689.007190485669,6737.904343377976,0.0,0.0,6795.329622038118,14305.03255208333,8538.670744243422,15645.502887228264,4218.393787202381,8092.000943458686,5824.584154032044,21020.932935631794,19908.377403259277,14035.323784722223,0.0,0.0,21679.27846165707,4397.3775634765625,0.0,0.0,7141.744762073865,0.0,11902.554086538463,0.0,0.0,0.0,0.0,0.0,0.0,21228.614479758522,0.0,0.0,0.0,0.0,5757.54685256535
87,0.0,6111.05699108493,4851.288107708002,3438.42463769954,4539.145362778465,10180.31405452806,6795.329622038118,4833.927951388889,4268.429327713816,0.0,4217.763244047618,0.0,0.0,14309.707243546194,0.0,7150.126831054688,0.0,0.0,14511.452405427632,0.0,0.0,9326.976326778016,0.0,0.0,12063.68780048077,0.0,0.0,12576.935546875,0.0,0.0,0.0,0.0,0.0,0.0,0.0,0.0,3310.4045959208256
104,0.0,6111.05699108493,0.0,3438.42463769954,0.0,0.0,6795.329622038118,4830.95775462963,12955.019839638158,7741.926619819974,16737.852157738093,8092.000943458686,11499.870564088982,7143.830672554347,0.0,0.0,0.0,0.0,21783.267141241777,0.0,6769.371744791667,4370.974727235991,7141.744762073865,0.0,0.0,0.0,0.0,0.0,9318.366350446428,0.0,0.0,28186.036754261364,0.0,0.0,0.0,0.0,4525.4453134111545
109,0.0,6111.05699108493,9706.415132364651,6737.904343377976,0.0,10181.650749362245,6795.329622038118,18983.382523148146,12973.849326685857,7743.908139436142,16612.679538690474,0.0,0.0,7144.947350543478,6522.064987182617,7155.607584635417,0.0,0.0,14452.666658100328,4394.900146484375,0.0,0.0,0.0,0.0,6025.569411057692,7695.426316784274,0.0,0.0,0.0,0.0,0.0,0.0,0.0,7100.229147518382,0.0,0.0,4342.710776902642
102,0.0,6111.05699108493,0.0,6737.904343377976,0.0,20134.845583545917,6795.329622038118,0.0,0.0,0.0,12518.672879464286,15864.51572431144,0.0,7143.830672554347,0.0,14147.120442708334,0.0,0.0,14605.41545024671,0.0,0.0,0.0,0.0,0.0,6030.1875,0.0,0.0,0.0,0.0,0.0,0.0,0.0,0.0,0.0,0.0,0.0,3058.024422481446
64,0.0,6111.05699108493,4852.12357247711,6737.904343377976,0.0,0.0,6795.329622038118,9556.6015625,0.0,0.0,20760.128999255954,8087.924175715043,0.0,21020.932935631794,0.0,7151.1619059244795,0.0,0.0,0.0,0.0,6775.333163496377,0.0,7152.036310369319,0.0,0.0,7696.574754284274,0.0,0.0,0.0,0.0,0.0,28387.035274621212,0.0,0.0,0.0,0.0,3919.003989188239
92,0.0,6111.05699108493,9673.965913614651,0.0,0.0,0.0,6795.329622038118,28466.73177083333,8538.124177631578,0.0,0.0,0.0,5824.584154032044,0.0,0.0,0.0,0.0,0.0,0.0,8798.58203125,0.0,0.0,0.0,0.0,0.0,0.0,0.0,25864.58984375,0.0,0.0,0.0,0.0,0.0,0.0,0.0,0.0,2779.8045695620735
60,0.0,18539.019440681706,9706.360550607087,6737.904343377976,4539.145362778465,0.0,6795.329622038118,0.0,13018.597296463817,0.0,12628.690959821428,31626.85851430085,11484.672189486228,20954.664678158966,0.0,14313.896077473959,0.0,0.0,14857.077945106907,4394.641438802084,6767.977991961051,0.0,14172.633951822918,6753.933756510416,12060.718449519232,7696.574754284274,0.0,0.0,9320.37876674107,0.0,0.0,6553.975941051136,0.0,0.0,0.0,0.0,6470.0847786385475
69,0.0,6111.05699108493,4852.225458424562,6737.904343377976,4539.145362778465,0.0,0.0,14299.50737847222,12928.654348273027,23510.65038001019,16598.617857142854,23724.352356991523,0.0,20925.436268682064,13047.303314208984,35097.70657009549,0.0,0.0,14859.032791940788,0.0,27044.61135643116,4371.409617456896,35442.777802438446,20535.343994140625,47283.94471153846,7695.599640877015,21309.17578125,0.0,9318.366350446428,0.0,0.0,6552.301580255682,0.0,0.0,0.0,0.0,10466.253451564382
63,0.0,6111.05699108493,4853.178455911625,6737.904343377976,4539.145362778465,0.0,6795.329622038118,9667.463107638889,21643.346268503294,0.0,0.0,0.0,17144.13412837659,0.0,19806.03565979004,21066.875610351566,0.0,0.0,0.0,0.0,6775.74901636096,4371.411166487069,7142.578628077652,0.0,23655.80048076923,0.0,0.0,0.0,0.0,0.0,0.0,0.0,0.0,0.0,0.0,0.0,4453.055801154067
174,0.0,6111.05699108493,9697.182810011944,6737.904343377976,4539.145362778465,10181.650749362245,3411.6641805460167,14447.85481770833,52214.20065789474,0.0,12529.65078125,8089.201941538666,11660.068731792902,14081.995159646738,0.0,7151.1619059244795,0.0,0.0,7427.831183182566,0.0,6773.329320935236,13117.450447871768,0.0,41203.576171875,0.0,0.0,0.0,0.0,0.0,0.0,0.0,0.0,0.0,0.0,0.0,0.0,6371.525709910611
175,0.0,6111.05699108493,0.0,6737.904343377976,0.0,10180.31405452806,0.0,14222.795138888887,0.0,23498.882876188858,4219.008835565475,0.0,0.0,7143.830672554347,0.0,7152.295023600261,0.0,0.0,7423.810983758223,0.0,0.0,0.0,0.0,0.0,0.0,0.0,0.0,0.0,0.0,0.0,0.0,0.0,0.0,7100.229147518382,0.0,0.0,2605.281335196262
99,0.0,6111.05699108493,0.0,3438.42463769954,0.0,0.0,6795.329622038118,4838.531539351851,12934.622815583883,0.0,16692.999479166665,31680.03773834746,5833.764441538665,14090.993333899456,13221.714324951172,0.0,0.0,0.0,21699.781147203947,0.0,6767.977991961051,14029.97870083513,7152.036310369319,0.0,17882.876953125004,0.0,0.0,0.0,9318.366350446428,0.0,5799.61142578125,6553.133907433712,0.0,0.0,0.0,0.0,5690.034380856044
58,0.0,6111.05699108493,0.0,6737.904343377976,0.0,0.0,6795.329622038118,9671.94878472222,8538.637335526317,0.0,16712.091592261902,23710.657607256355,0.0,13944.693656589674,13047.303314208984,7150.126831054688,0.0,0.0,21785.547980057567,0.0,27059.544865262684,9133.720096982757,28378.039269649624,13515.060465494791,35443.925480769234,7695.599640877015,0.0,12576.935546875,0.0,6108.6376953125,0.0,0.0,0.0,15409.761488970587,0.0,0.0,8042.403405788138
159,0.0,6111.05699108493,4853.178455911625,6737.904343377976,4539.145362778465,0.0,3411.6641805460167,4832.471788194444,0.0,7741.926619819974,4217.763244047618,8087.924175715043,0.0,0.0,0.0,0.0,11684.750594429348,0.0,7422.444027549342,0.0,13553.507557744566,0.0,0.0,0.0,6025.569411057692,0.0,6324.8625,0.0,0.0,0.0,0.0,0.0,7751.45751953125,0.0,0.0,0.0,2869.322965883008
82,0.0,6111.05699108493,4852.12357247711,6737.904343377976,0.0,0.0,0.0,9681.564670138889,4270.987099095395,0.0,4219.6033296130945,8087.924175715043,5827.552572993909,7144.947350543478,6523.16911315918,0.0,11684.750594429348,0.0,7423.810983758223,4397.3775634765625,6767.977991961051,0.0,7142.578628077652,0.0,6028.439603365385,7695.426316784274,0.0,0.0,0.0,0.0,0.0,0.0,0.0,0.0,0.0,0.0,3183.2554138903192
154,0.0,6111.05699108493,4850.064748581808,6737.904343377976,2254.737029122834,0.0,6795.329622038118,33223.104383680555,8640.36287006579,0.0,29068.760416666664,8087.924175715043,17252.180755097987,13944.100288722826,0.0,7153.428141276042,0.0,0.0,7422.444027549342,0.0,0.0,4371.409617456896,0.0,0.0,6028.440504807692,0.0,0.0,5800.707226562499,0.0,0.0,0.0,0.0,0.0,0.0,0.0,0.0,4659.498753939083
97,0.0,6111.05699108493,4851.288107708002,3442.2727737757036,4539.145362778465,0.0,6795.329622038118,28469.67447916666,17084.764905427633,31374.13884171196,12467.196651785714,0.0,22883.564370365464,0.0,13194.305419921875,7152.295023600261,11684.750594429348,6380.252092633928,0.0,0.0,6767.977991961051,0.0,0.0,0.0,17878.466195913465,0.0,0.0,0.0,0.0,6108.6376953125,5800.52060546875,6551.549331202652,0.0,7100.500229779412,0.0,0.0,6295.491313501829
71,0.0,6111.05699108493,0.0,6737.904343377976,0.0,0.0,6795.329622038118,4831.714048032407,8543.595189144737,0.0,4219.008519345238,0.0,11483.010709083686,7144.947350543478,0.0,7151.1619059244795,0.0,0.0,0.0,0.0,6770.097033514493,0.0,7144.396499171402,0.0,12064.973257211539,7695.600963961693,0.0,0.0,0.0,0.0,0.0,13995.172614820076,0.0,0.0,0.0,0.0,3074.665806868174
146,0.0,6111.05699108493,9673.965913614651,6737.904343377976,0.0,0.0,0.0,0.0,0.0,0.0,4218.393154761904,0.0,0.0,0.0,0.0,0.0,0.0,0.0,0.0,8798.58203125,0.0,0.0,0.0,0.0,0.0,0.0,0.0,0.0,0.0,0.0,0.0,0.0,0.0,0.0,0.0,0.0,987.2195120580406
163,0.0,6111.05699108493,0.0,6737.904343377976,0.0,10180.31405452806,6795.329622038118,4834.6151620370365,0.0,0.0,8443.44970238095,0.0,22754.029727224577,7149.750021229619,6522.064987182617,14037.0992702908,0.0,0.0,7427.831183182566,0.0,0.0,0.0,7141.744762073865,0.0,12059.37890625,7695.599640877015,0.0,0.0,0.0,0.0,0.0,0.0,0.0,0.0,0.0,0.0,3552.504677048837
86,0.0,6111.05699108493,9697.182810011944,6737.904343377976,0.0,0.0,6795.329622038118,4833.927951388889,0.0,0.0,8444.340178571427,0.0,0.0,0.0,0.0,0.0,11684.750594429348,0.0,0.0,0.0,13555.827035212862,8744.54098195043,14307.116447679926,6759.841308593749,0.0,0.0,0.0,0.0,0.0,0.0,0.0,0.0,0.0,7100.500976562499,0.0,0.0,2910.3422011361695
119,0.0,6111.05699108493,0.0,6737.904343377976,0.0,0.0,0.0,9682.93113425926,0.0,7741.926619819974,4225.6327008928565,0.0,5825.514391882944,0.0,0.0,7150.126831054688,0.0,0.0,7422.444027549342,0.0,0.0,0.0,0.0,0.0,6025.569411057692,15973.660849294354,0.0,0.0,0.0,0.0,0.0,6551.549331202652,0.0,0.0,0.0,0.0,2318.0087953187963
112,0.0,6111.05699108493,0.0,6737.904343377976,0.0,10184.571787308672,3411.6641805460167,23728.040002893515,30328.570363898027,15490.35262398098,20743.747209821428,0.0,17071.930117849577,7143.830672554347,19836.141494750977,0.0,0.0,0.0,0.0,0.0,0.0,13700.110789331897,14214.828435724434,13659.886474609373,17878.255258413465,0.0,6326.189453125,0.0,9319.32373046875,0.0,0.0,6552.301580255682,0.0,0.0,0.0,0.0,6734.408486388751
185,0.0,12215.598758820566,0.0,6737.904343377976,0.0,10180.31405452806,3411.6641805460167,28475.11284722222,8633.446597450658,15672.916227921198,16593.161160714284,8092.000943458686,11484.672189486228,14084.031080163042,0.0,7150.126831054688,0.0,0.0,0.0,0.0,6767.977991961051,0.0,14214.828435724434,0.0,11845.585637019232,0.0,0.0,0.0,0.0,0.0,5803.60703125,20993.27033025568,0.0,7100.500229779412,0.0,0.0,5818.242190853705
182,0.0,6111.05699108493,4849.090282270104,6737.904343377976,0.0,0.0,6795.329622038118,19028.29571759259,8544.263363486842,0.0,16607.717410714282,8097.195982852225,0.0,0.0,13192.474411010742,14140.993570963543,0.0,0.0,7426.5283203125,0.0,0.0,4371.799198545258,7142.578628077652,6756.733072916666,6026.551983173077,0.0,0.0,0.0,9318.366350446428,0.0,0.0,0.0,0.0,0.0,0.0,0.0,4031.857756912859
62,0.0,6111.05699108493,9698.895949442676,6737.904343377976,0.0,10181.650749362245,6795.329622038118,14296.144748263887,0.0,7743.908139436142,4219.6033296130945,0.0,5827.552572993909,7147.390879755434,0.0,21239.834370930992,11684.750594429348,6380.252092633928,7423.810983758223,4395.473958333334,0.0,0.0,0.0,0.0,29544.343449519234,0.0,0.0,12827.819921875,0.0,0.0,12576.645703125,0.0,0.0,7100.500229779412,0.0,0.0,5331.468573048691
211,0.0,6162.455499464467,0.0,3438.42463769954,0.0,0.0,0.0,0.0,0.0,0.0,8441.625744047618,15805.623708951272,5825.514391882944,13951.212211277174,0.0,7150.126831054688,0.0,0.0,14857.077945106907,0.0,0.0,0.0,0.0,0.0,6028.439603365385,0.0,0.0,0.0,0.0,0.0,0.0,0.0,0.0,0.0,0.0,0.0,2268.347238134722
70,0.0,6111.05699108493,0.0,3438.42463769954,0.0,10185.996332908162,0.0,23723.095703124996,4269.419228001645,15672.916227921198,12608.503459821428,15957.935811705509,0.0,13945.465353260868,0.0,7153.428141276042,0.0,0.0,14461.009842722038,0.0,0.0,0.0,0.0,0.0,17876.16887019231,0.0,0.0,0.0,0.0,0.0,12828.05234375,0.0,0.0,0.0,0.0,0.0,4395.31869287413
133,0.0,6111.05699108493,0.0,3438.42463769954,0.0,10181.650749362245,0.0,9674.069733796296,0.0,0.0,8442.537090773809,0.0,0.0,7146.168053668478,0.0,7151.1619059244795,0.0,0.0,0.0,0.0,0.0,0.0,7141.744762073865,0.0,6024.588641826924,0.0,0.0,0.0,9318.366350446428,0.0,0.0,0.0,0.0,7100.229147518382,0.0,0.0,2270.2777240048717
118,0.0,6111.05699108493,9704.8009678543,3438.42463769954,0.0,0.0,6795.329622038118,9559.53269675926,0.0,0.0,12473.401841517856,0.0,0.0,7146.1669921875,0.0,7152.295023600261,0.0,0.0,0.0,4395.040242513021,6775.74901636096,0.0,0.0,0.0,6025.569411057692,0.0,0.0,0.0,0.0,0.0,0.0,0.0,0.0,0.0,0.0,0.0,2210.482428963151
165,0.0,6111.05699108493,4849.090282270104,6737.904343377976,0.0,0.0,6795.329622038118,4833.927951388889,0.0,7742.551025390626,0.0,8087.924175715043,0.0,7144.947350543478,0.0,0.0,11684.750594429348,0.0,7421.194207442434,0.0,6767.977991961051,4371.799198545258,7142.578628077652,0.0,6026.551983173077,0.0,6324.8625,0.0,0.0,0.0,0.0,0.0,0.0,0.0,0.0,0.0,2834.512412373277
212,0.0,6111.05699108493,0.0,0.0,0.0,10185.996332908162,0.0,0.0,0.0,0.0,4225.6327008928565,0.0,0.0,7148.589291779891,0.0,0.0,0.0,0.0,7425.184017783717,0.0,0.0,0.0,0.0,0.0,0.0,0.0,0.0,0.0,0.0,0.0,0.0,0.0,0.0,0.0,0.0,0.0,974.9016481791544
55,0.0,6111.05699108493,0.0,6737.904343377976,0.0,0.0,6795.329622038118,0.0,0.0,0.0,4217.133017113095,0.0,0.0,0.0,6522.064987182617,0.0,0.0,0.0,0.0,0.0,0.0,0.0,0.0,0.0,0.0,0.0,0.0,0.0,0.0,0.0,0.0,0.0,0.0,0.0,0.0,0.0,843.985804466576
143,0.0,6111.05699108493,4852.12357247711,6737.904343377976,0.0,20134.845583545917,6795.329622038118,33224.610821759255,0.0,15672.47817595109,20789.581752232145,0.0,0.0,27925.99991508152,0.0,28090.12969292535,0.0,0.0,7422.444027549342,0.0,13555.827035212862,8744.537883890085,7152.036310369319,0.0,23679.454326923078,0.0,0.0,0.0,0.0,0.0,0.0,6552.303400213068,0.0,0.0,0.0,0.0,6595.573984850866
194,0.0,6111.05699108493,9700.905285877787,6737.904343377976,0.0,0.0,6795.329622038118,4832.47142650463,0.0,0.0,4221.729910714285,0.0,0.0,0.0,0.0,0.0,0.0,0.0,0.0,9527.354410807293,0.0,0.0,0.0,0.0,0.0,7695.962166078629,0.0,0.0,0.0,0.0,0.0,0.0,0.0,0.0,0.0,0.0,1545.0753932356567
73,0.0,6111.05699108493,0.0,6737.904343377976,0.0,0.0,6795.329622038118,4830.95775462963,0.0,0.0,24902.31908482143,8087.924175715043,0.0,14000.214419157608,0.0,7154.53554280599,0.0,0.0,21724.437744140625,0.0,0.0,0.0,0.0,0.0,6030.1875,0.0,0.0,5799.798046874999,0.0,0.0,0.0,0.0,0.0,0.0,0.0,0.0,3115.9629229068432
74,0.0,6111.05699108493,0.0,6737.904343377976,0.0,0.0,6795.329622038118,4831.714048032407,0.0,0.0,16679.359002976187,8092.000943458686,0.0,7148.589291779891,0.0,7150.126831054688,11684.750594429348,6380.252092633928,14869.271150287828,0.0,6767.977991961051,0.0,7141.744762073865,0.0,6023.691256009616,0.0,0.0,0.0,0.0,0.0,0.0,0.0,7751.45751953125,0.0,0.0,0.0,3449.034067798049
68,0.0,6111.05699108493,9695.363418093153,6737.904343377976,4539.145362778465,0.0,6795.329622038118,0.0,4270.987099095395,0.0,0.0,8089.201941538666,0.0,14309.707243546194,0.0,0.0,0.0,0.0,0.0,0.0,6775.74901636096,0.0,0.0,0.0,0.0,0.0,0.0,0.0,0.0,0.0,0.0,0.0,7751.45751953125,0.0,0.0,0.0,2085.4417377068085
160,0.0,6111.05699108493,9673.965913614651,6737.904343377976,0.0,0.0,6795.329622038118,4830.95775462963,4268.429327713816,0.0,12455.773828125,0.0,0.0,7143.830672554347,6521.5021896362305,7153.428141276042,11684.750594429348,6380.252092633928,7421.194207442434,4395.9287109375,6775.333163496377,0.0,7152.036310369319,6759.841308593749,0.0,7696.574754284274,0.0,0.0,0.0,0.0,0.0,14092.98076467803,0.0,15409.044577205881,0.0,0.0,4429.447646336711
180,0.0,6111.05699108493,0.0,6737.904343377976,0.0,0.0,6795.329622038118,4832.471788194444,0.0,7741.926619819974,4218.393787202381,0.0,0.0,0.0,0.0,0.0,0.0,0.0,7422.444027549342,0.0,0.0,0.0,0.0,0.0,0.0,15972.799521169354,0.0,0.0,0.0,0.0,0.0,0.0,0.0,0.0,6953.7119140625,0.0,1855.1677392916395
137,0.0,6111.05699108493,0.0,6737.904343377976,0.0,40022.85475127551,6795.329622038118,0.0,0.0,0.0,8444.31677827381,0.0,0.0,0.0,0.0,7151.1619059244795,0.0,0.0,0.0,0.0,0.0,0.0,7142.578628077652,0.0,23640.515625,0.0,0.0,0.0,0.0,0.0,5800.52060546875,0.0,0.0,0.0,0.0,0.0,3106.8399791811453
81,0.0,12217.14632686492,9705.927535330415,3438.42463769954,0.0,0.0,0.0,9580.091145833332,4268.429327713816,0.0,0.0,0.0,5825.514391882944,0.0,0.0,0.0,0.0,0.0,0.0,4394.641438802084,0.0,0.0,0.0,6754.468017578124,0.0,0.0,0.0,5799.798046874999,0.0,0.0,0.0,0.0,0.0,0.0,0.0,0.0,1721.790024127227
54,0.0,6111.05699108493,9702.006381867039,0.0,4539.145362778465,10184.571787308672,3411.6641805460167,28470.13237847222,17312.611019736843,31411.05621603261,66459.84553571428,0.0,11669.087824417373,0.0,13049.874496459961,7154.5371500651045,11684.750594429348,0.0,57865.29183799342,0.0,6775.74901636096,8742.789803340516,0.0,13677.546712239582,6027.512469951924,0.0,0.0,0.0,0.0,0.0,0.0,6553.133907433712,0.0,7100.229147518382,0.0,0.0,9108.405355937537
210,0.0,6111.05699108493,0.0,3438.42463769954,0.0,0.0,0.0,0.0,8539.16252055921,0.0,16596.682589285712,23723.56938559322,11372.153816869702,7149.750021229619,0.0,7153.428141276042,0.0,0.0,7427.831183182566,0.0,0.0,0.0,0.0,0.0,0.0,7695.426316784274,0.0,0.0,0.0,0.0,0.0,0.0,0.0,0.0,0.0,0.0,2755.7634889879114
125,0.0,6111.05699108493,4849.090282270104,6737.904343377976,4539.145362778465,0.0,6795.329622038118,28491.931423611106,8543.094058388158,15647.756071671198,24911.486941964286,8087.924175715043,22879.195163532837,13997.024668817934,13210.75894165039,14072.702202690973,11684.750594429348,0.0,21794.0066431949,0.0,6767.977991961051,4371.799198545258,14167.89538944129,13660.799479166666,23717.134615384617,7695.426316784274,6324.8625,5800.707226562499,9318.366350446428,6108.6376953125,5800.52197265625,0.0,0.0,7100.500976562499,0.0,6836.26416015625,9167.334760005426
61,0.0,6111.05699108493,4849.090282270104,6737.904343377976,4539.145362778465,0.0,6795.329622038118,0.0,0.0,0.0,20762.839006696428,63302.07759533898,5826.532830707097,34913.2080078125,13047.272644042969,21117.05102539063,11684.750594429348,0.0,36247.26671720806,0.0,6767.977991961051,9133.715449892241,7143.488103693183,6753.933756510416,17770.078125000004,0.0,0.0,0.0,0.0,0.0,0.0,0.0,0.0,0.0,0.0,0.0,7875.075512506459
138,0.0,6111.05699108493,4852.12357247711,6737.904343377976,0.0,10180.31405452806,3411.6641805460167,14380.807291666664,30349.978001644737,7743.231700067936,8449.36491815476,0.0,5826.532830707097,13942.615276834238,0.0,0.0,0.0,0.0,0.0,4397.3775634765625,20307.345002547554,0.0,35442.777802438446,0.0,17995.662259615387,0.0,0.0,0.0,9318.366350446428,0.0,0.0,0.0,0.0,0.0,0.0,0.0,5540.197837211497
88,0.0,6111.05699108493,4846.131951010152,0.0,0.0,0.0,0.0,4840.942563657407,0.0,0.0,4225.6327008928565,8090.599327992585,0.0,0.0,0.0,0.0,0.0,0.0,0.0,4395.040242513021,0.0,0.0,0.0,0.0,0.0,0.0,0.0,0.0,0.0,0.0,0.0,0.0,0.0,0.0,0.0,0.0,903.0389938097487
184,0.0,6111.05699108493,4849.090282270104,3438.42463769954,2254.737029122834,0.0,3411.6641805460167,28479.44227430555,17344.584498355263,31453.73845108696,20756.17308407738,0.0,22829.607968087923,14086.280358355978,6523.6940841674805,14073.989081488717,11685.927564538042,6382.305803571428,0.0,0.0,13550.779976222826,4370.824084051724,7141.744762073865,13678.122233072916,12062.142728365385,0.0,0.0,0.0,0.0,0.0,0.0,0.0,0.0,0.0,0.0,0.0,6791.231390904024
201,0.0,0.0,47815.24616217158,0.0,0.0,0.0,0.0,0.0,0.0,0.0,0.0,0.0,0.0,0.0,0.0,0.0,0.0,0.0,0.0,4394.766316731771,0.0,0.0,0.0,0.0,0.0,0.0,0.0,0.0,0.0,0.0,0.0,0.0,0.0,0.0,0.0,0.0,1450.278124413982
208,0.0,0.0,86011.4553082703,0.0,0.0,0.0,0.0,0.0,0.0,0.0,0.0,0.0,0.0,0.0,0.0,0.0,0.0,0.0,0.0,0.0,0.0,0.0,0.0,0.0,0.0,0.0,0.0,0.0,0.0,0.0,0.0,0.0,0.0,0.0,0.0,0.0,2389.2070918963973
198,0.0,0.0,172250.94883310114,429400.29918323865,124308.92984220297,20134.845583545917,322229.6379394531,0.0,0.0,0.0,0.0,0.0,0.0,0.0,0.0,0.0,0.0,0.0,0.0,87102.90380859375,0.0,0.0,0.0,0.0,0.0,0.0,0.0,0.0,0.0,0.0,0.0,0.0,0.0,0.0,0.0,0.0,32095.21014417043
76,0.0,0.0,4851.288107708002,6737.904343377976,0.0,0.0,3411.6641805460167,0.0,0.0,0.0,4218.393787202381,0.0,0.0,7144.947350543478,0.0,0.0,0.0,0.0,7423.810983758223,0.0,6769.371744791667,0.0,0.0,0.0,0.0,0.0,0.0,0.0,0.0,0.0,0.0,0.0,0.0,0.0,0.0,0.0,1126.593902720215
199,0.0,0.0,71717.4601910828,0.0,0.0,0.0,0.0,0.0,0.0,0.0,0.0,0.0,0.0,0.0,0.0,0.0,0.0,0.0,0.0,4394.641438802084,0.0,0.0,0.0,0.0,0.0,0.0,0.0,0.0,0.0,0.0,0.0,0.0,0.0,0.0,0.0,0.0,2114.22504527458
32,0.0,0.0,4853.178455911625,0.0,0.0,0.0,0.0,0.0,0.0,0.0,0.0,0.0,0.0,0.0,0.0,0.0,0.0,0.0,0.0,0.0,0.0,0.0,0.0,0.0,0.0,0.0,0.0,0.0,0.0,0.0,0.0,0.0,0.0,0.0,0.0,0.0,134.8105126642118
197,0.0,0.0,143011.62793590766,359032.5454989347,137385.89137917696,10181.650749362245,322229.6379394531,0.0,0.0,0.0,0.0,0.0,0.0,0.0,0.0,0.0,0.0,0.0,0.0,48021.81681315105,0.0,0.0,0.0,0.0,0.0,0.0,0.0,0.0,0.0,0.0,0.0,0.0,0.0,0.0,0.0,0.0,28329.53250877738
200,0.0,0.0,57379.05953921179,0.0,0.0,0.0,0.0,0.0,0.0,0.0,0.0,0.0,0.0,0.0,0.0,0.0,0.0,0.0,0.0,4394.641438802084,0.0,0.0,0.0,0.0,0.0,0.0,0.0,0.0,0.0,0.0,0.0,0.0,0.0,0.0,0.0,0.0,1715.9361382781633
49,0.0,0.0,9706.360550607087,0.0,0.0,0.0,0.0,0.0,0.0,0.0,0.0,0.0,0.0,0.0,0.0,0.0,0.0,0.0,0.0,0.0,0.0,0.0,0.0,0.0,0.0,0.0,0.0,0.0,0.0,0.0,0.0,0.0,0.0,0.0,0.0,0.0,269.6211264057524
209,0.0,0.0,47812.338773885356,0.0,0.0,0.0,0.0,0.0,0.0,0.0,0.0,0.0,0.0,0.0,0.0,0.0,0.0,0.0,0.0,0.0,0.0,0.0,0.0,0.0,0.0,0.0,0.0,0.0,0.0,0.0,0.0,0.0,0.0,0.0,0.0,0.0,1328.1205214968154
206,0.0,0.0,9673.965913614651,0.0,0.0,0.0,0.0,0.0,0.0,0.0,0.0,0.0,0.0,0.0,0.0,0.0,0.0,0.0,0.0,0.0,0.0,0.0,0.0,0.0,0.0,0.0,0.0,0.0,0.0,0.0,0.0,0.0,0.0,0.0,0.0,0.0,268.72127537818477
207,0.0,0.0,47814.518405404066,0.0,0.0,0.0,0.0,0.0,0.0,0.0,0.0,0.0,0.0,0.0,0.0,0.0,0.0,0.0,0.0,0.0,0.0,0.0,0.0,0.0,0.0,0.0,0.0,0.0,0.0,0.0,0.0,0.0,0.0,0.0,0.0,0.0,1328.1810668167795
203,0.0,0.0,4853.178455911625,0.0,0.0,0.0,0.0,0.0,0.0,0.0,0.0,0.0,0.0,0.0,0.0,0.0,0.0,0.0,0.0,0.0,0.0,0.0,0.0,0.0,0.0,0.0,0.0,0.0,0.0,0.0,0.0,0.0,0.0,0.0,0.0,0.0,134.8105126642118
181,0.0,0.0,4851.288107708002,3438.42463769954,0.0,0.0,6795.329622038118,4830.264033564815,0.0,0.0,8442.537090773809,8089.201941538666,0.0,0.0,0.0,0.0,11685.927564538042,0.0,7422.444027549342,0.0,20265.140327785324,0.0,0.0,0.0,0.0,0.0,0.0,0.0,0.0,0.0,0.0,0.0,0.0,0.0,0.0,0.0,2106.1265931443236
204,0.0,0.0,4849.090282270104,0.0,0.0,0.0,0.0,0.0,0.0,0.0,0.0,0.0,0.0,0.0,0.0,0.0,0.0,0.0,0.0,0.0,0.0,0.0,0.0,0.0,0.0,0.0,0.0,0.0,0.0,0.0,0.0,0.0,0.0,0.0,0.0,0.0,134.69695228528064
205,0.0,0.0,9673.965913614651,0.0,0.0,0.0,0.0,0.0,0.0,0.0,0.0,0.0,0.0,0.0,0.0,0.0,0.0,0.0,0.0,0.0,0.0,0.0,0.0,0.0,0.0,0.0,0.0,0.0,0.0,0.0,0.0,0.0,0.0,0.0,0.0,0.0,268.72127537818477
202,0.0,0.0,4853.178455911625,0.0,0.0,0.0,0.0,0.0,0.0,0.0,0.0,0.0,0.0,0.0,0.0,0.0,0.0,0.0,0.0,0.0,0.0,0.0,0.0,0.0,0.0,0.0,0.0,0.0,0.0,0.0,0.0,0.0,0.0,0.0,0.0,0.0,134.8105126642118
9,0.0,0.0,4852.225458424562,0.0,0.0,0.0,0.0,0.0,4268.076197574013,0.0,0.0,0.0,0.0,0.0,0.0,0.0,0.0,0.0,0.0,0.0,0.0,0.0,0.0,0.0,0.0,0.0,0.0,0.0,0.0,0.0,0.0,0.0,0.0,0.0,0.0,0.0,253.3417126666271
126,0.0,0.0,9698.125982782643,6737.904343377976,4539.145362778465,0.0,3411.6641805460167,4831.714048032407,8543.317896792763,0.0,12606.911607142856,0.0,11660.068731792902,0.0,0.0,0.0,0.0,0.0,0.0,0.0,13553.961121490036,4371.124983162715,21228.99169921875,13680.111165364582,6028.440504807692,0.0,0.0,0.0,9318.366350446428,0.0,0.0,0.0,0.0,0.0,0.0,0.0,3616.9402216037843
107,0.0,0.0,4852.225458424562,0.0,0.0,0.0,0.0,0.0,0.0,0.0,0.0,8087.924175715043,0.0,0.0,0.0,0.0,0.0,0.0,0.0,0.0,0.0,0.0,0.0,0.0,0.0,0.0,0.0,0.0,0.0,0.0,0.0,0.0,0.0,0.0,0.0,0.0,359.44860094832234
173,0.0,0.0,9697.182810011944,6737.904343377976,4539.145362778465,0.0,6795.329622038118,4833.927951388889,8544.049547697368,7743.908139436142,12451.53046875,0.0,0.0,7144.947350543478,0.0,0.0,0.0,0.0,0.0,4397.3775634765625,0.0,4371.799198545258,0.0,20531.724243164062,6027.5120192307695,0.0,0.0,0.0,0.0,0.0,5800.52060546875,6551.549331202652,0.0,0.0,0.0,0.0,3226.9002376975113
3,0.0,0.0,4852.12357247711,0.0,0.0,0.0,0.0,0.0,0.0,0.0,0.0,0.0,0.0,0.0,0.0,0.0,0.0,0.0,0.0,0.0,6775.333163496377,0.0,7152.036310369319,6759.841308593749,0.0,0.0,0.0,0.0,0.0,0.0,0.0,0.0,0.0,0.0,0.0,0.0,709.4259543037932
59,0.0,0.0,14340.947436678942,6737.904343377976,0.0,10181.650749362245,6795.329622038118,9669.76707175926,0.0,0.0,16603.58251488095,15817.83347126589,0.0,7143.830672554347,0.0,0.0,0.0,0.0,14607.618935032895,8790.31591796875,13540.696189990942,0.0,0.0,0.0,0.0,0.0,0.0,0.0,0.0,6108.6376953125,0.0,0.0,0.0,0.0,0.0,6836.26416015625,3810.3994105660854
8,0.0,0.0,4849.090282270104,0.0,0.0,0.0,0.0,0.0,0.0,0.0,0.0,0.0,0.0,0.0,0.0,0.0,0.0,0.0,0.0,0.0,0.0,0.0,0.0,0.0,0.0,0.0,0.0,0.0,0.0,0.0,0.0,0.0,0.0,0.0,0.0,0.0,134.69695228528064
21,0.0,0.0,4849.090282270104,0.0,0.0,0.0,0.0,0.0,0.0,0.0,0.0,0.0,0.0,0.0,0.0,0.0,0.0,0.0,0.0,0.0,0.0,0.0,0.0,0.0,0.0,0.0,0.0,0.0,0.0,0.0,0.0,0.0,0.0,0.0,0.0,0.0,134.69695228528064
172,0.0,0.0,4852.225458424562,6737.904343377976,0.0,10180.31405452806,3411.6641805460167,19007.549189814814,0.0,7741.926619819974,12456.793638392857,8097.195982852225,5828.551894365731,0.0,0.0,0.0,0.0,0.0,0.0,0.0,0.0,4371.409617456896,0.0,0.0,0.0,0.0,0.0,0.0,0.0,0.0,0.0,0.0,0.0,0.0,0.0,0.0,2296.82041609942
24,0.0,0.0,4853.178455911625,0.0,0.0,0.0,0.0,0.0,0.0,0.0,0.0,0.0,0.0,0.0,0.0,0.0,0.0,0.0,0.0,0.0,0.0,0.0,0.0,0.0,0.0,0.0,0.0,0.0,0.0,0.0,0.0,0.0,0.0,0.0,0.0,0.0,134.8105126642118
89,0.0,0.0,4853.178455911625,0.0,0.0,0.0,0.0,14426.59505208333,4268.076197574013,0.0,4217.763244047618,0.0,11669.09043134269,0.0,19823.86116027832,21235.3163655599,0.0,0.0,0.0,0.0,6775.74901636096,8743.26458108836,0.0,6754.468017578124,17870.359975961543,0.0,0.0,0.0,0.0,0.0,0.0,0.0,0.0,0.0,0.0,0.0,3351.047847160736
100,0.0,0.0,9706.847419884554,0.0,4539.145362778465,10180.31405452806,3411.6641805460167,0.0,4269.102513363487,0.0,4225.6327008928565,0.0,17187.59157342426,0.0,6521.5021896362305,0.0,0.0,0.0,0.0,0.0,6767.977991961051,17488.4282731681,0.0,0.0,6025.569411057692,7695.426316784274,0.0,0.0,0.0,0.0,0.0,0.0,7751.45751953125,0.0,0.0,0.0,2938.073875209897
96,0.0,0.0,4851.288107708002,0.0,0.0,0.0,0.0,0.0,0.0,0.0,0.0,0.0,0.0,0.0,0.0,0.0,11684.750594429348,0.0,7421.194207442434,0.0,0.0,0.0,0.0,0.0,0.0,0.0,0.0,0.0,0.0,0.0,0.0,0.0,0.0,0.0,0.0,0.0,665.4786919327718
116,0.0,0.0,4849.090282270104,0.0,0.0,10180.31405452806,0.0,0.0,0.0,0.0,0.0,0.0,0.0,0.0,0.0,0.0,0.0,0.0,0.0,0.0,0.0,0.0,0.0,0.0,0.0,0.0,0.0,0.0,0.0,0.0,0.0,0.0,0.0,0.0,0.0,0.0,417.483453799949
106,0.0,0.0,4847.993188943074,3438.42463769954,0.0,10185.996332908162,0.0,14453.311631944442,8630.871453536185,0.0,12560.63783482143,0.0,5825.514391882944,7146.168053668478,0.0,0.0,0.0,0.0,7423.810983758223,4395.473958333334,0.0,0.0,0.0,0.0,0.0,0.0,0.0,0.0,0.0,0.0,0.0,0.0,0.0,0.0,0.0,0.0,2191.8945129859944
132,0.0,0.0,4853.178455911625,0.0,0.0,0.0,0.0,4830.95775462963,12986.03782894737,0.0,4217.133017113095,15957.935811705509,5825.514391882944,7147.390879755434,0.0,14144.958143446182,0.0,0.0,0.0,0.0,6775.74901636096,0.0,0.0,6756.733072916666,6023.691256009616,7695.426316784274,0.0,0.0,0.0,0.0,0.0,0.0,0.0,0.0,0.0,0.0,2700.4084984850915
183,0.0,0.0,4852.12357247711,6737.904343377976,4539.145362778465,0.0,6795.329622038118,9669.76634837963,4268.772101151316,0.0,0.0,0.0,11660.068731792902,0.0,6522.065498352051,0.0,0.0,0.0,0.0,0.0,6775.333680083786,0.0,14307.113207267994,6759.841308593749,12059.37890625,0.0,0.0,0.0,9318.366350446428,0.0,0.0,0.0,0.0,0.0,0.0,0.0,2896.255806471931
23,0.0,0.0,4852.225458424562,0.0,0.0,0.0,0.0,0.0,0.0,0.0,0.0,0.0,0.0,0.0,0.0,0.0,0.0,0.0,0.0,0.0,0.0,0.0,0.0,0.0,0.0,0.0,0.0,0.0,0.0,0.0,0.0,0.0,0.0,0.0,0.0,0.0,134.7840405117934
176,0.0,0.0,0.0,6737.904343377976,0.0,0.0,0.0,4833.927951388889,0.0,0.0,0.0,0.0,11658.563666909427,0.0,6520.985397338867,0.0,11684.750594429348,0.0,0.0,0.0,0.0,0.0,0.0,0.0,6023.691256009616,7695.599640877015,0.0,0.0,0.0,0.0,0.0,0.0,0.0,0.0,0.0,0.0,1532.095079175865
105,0.0,0.0,0.0,3438.42463769954,0.0,0.0,0.0,4834.6151620370365,4267.721062911184,0.0,12610.081082589286,0.0,11483.010709083686,0.0,6521.5021896362305,0.0,0.0,0.0,0.0,0.0,0.0,0.0,0.0,6756.733072916666,6025.569411057692,0.0,0.0,0.0,0.0,0.0,0.0,0.0,0.0,0.0,0.0,0.0,1553.8238146647589
192,0.0,0.0,0.0,6737.904343377976,0.0,0.0,0.0,4833.927951388889,0.0,0.0,4218.393787202381,0.0,5829.518194683527,7147.390879755434,0.0,7153.428141276042,0.0,0.0,0.0,0.0,0.0,0.0,14237.394664417616,0.0,6027.5120192307695,15973.10912298387,0.0,0.0,0.0,0.0,0.0,0.0,0.0,0.0,0.0,0.0,2004.4049751199027
215,0.0,0.0,0.0,3438.42463769954,0.0,0.0,0.0,4840.942563657407,0.0,0.0,8450.75944940476,0.0,0.0,0.0,0.0,0.0,11684.750594429348,0.0,7422.444027549342,0.0,0.0,0.0,0.0,0.0,0.0,0.0,0.0,0.0,0.0,0.0,0.0,0.0,0.0,0.0,0.0,0.0,995.481146465011
169,0.0,0.0,0.0,3438.42463769954,0.0,0.0,0.0,4833.211805555556,12928.588199013158,7741.926619819974,0.0,0.0,11372.040850105932,0.0,0.0,0.0,0.0,0.0,7423.810983758223,0.0,0.0,0.0,0.0,0.0,12063.686899038463,0.0,0.0,0.0,0.0,0.0,5803.60703125,0.0,0.0,0.0,0.0,0.0,1822.3693618400232
193,0.0,0.0,0.0,3438.42463769954,0.0,0.0,0.0,4840.942563657407,0.0,0.0,12530.535881696429,8097.195982852225,5825.514391882944,0.0,0.0,0.0,11684.750594429348,0.0,14605.41545024671,0.0,0.0,0.0,0.0,0.0,0.0,0.0,0.0,0.0,0.0,0.0,0.0,0.0,0.0,7100.229147518382,0.0,0.0,1892.305795832861
78,0.0,0.0,0.0,3438.42463769954,0.0,10180.31405452806,6795.329622038118,4831.714048032407,0.0,7743.231700067936,4217.763244047618,0.0,0.0,0.0,0.0,0.0,0.0,0.0,0.0,0.0,0.0,0.0,0.0,0.0,0.0,0.0,0.0,0.0,0.0,0.0,0.0,0.0,0.0,0.0,0.0,0.0,1033.5215918448241
43,0.0,0.0,0.0,0.0,0.0,10181.650749362245,0.0,0.0,0.0,0.0,0.0,0.0,0.0,0.0,0.0,0.0,0.0,0.0,0.0,0.0,0.0,0.0,0.0,0.0,0.0,0.0,0.0,0.0,0.0,0.0,0.0,0.0,0.0,0.0,0.0,0.0,282.82363192672904
7,0.0,0.0,0.0,0.0,0.0,10180.31405452806,0.0,0.0,0.0,0.0,0.0,0.0,0.0,0.0,0.0,0.0,0.0,0.0,0.0,0.0,0.0,0.0,0.0,0.0,0.0,0.0,0.0,0.0,0.0,0.0,0.0,0.0,0.0,0.0,0.0,0.0,282.7865015146683
25,0.0,0.0,0.0,0.0,0.0,10180.31405452806,0.0,0.0,0.0,0.0,0.0,0.0,0.0,0.0,0.0,0.0,0.0,0.0,0.0,0.0,0.0,0.0,0.0,0.0,0.0,0.0,0.0,0.0,0.0,0.0,0.0,0.0,0.0,0.0,0.0,0.0,282.7865015146683
33,0.0,0.0,0.0,0.0,0.0,10180.31405452806,0.0,0.0,0.0,0.0,0.0,0.0,0.0,0.0,0.0,0.0,0.0,0.0,0.0,0.0,0.0,0.0,0.0,0.0,0.0,0.0,0.0,0.0,0.0,0.0,0.0,0.0,0.0,0.0,0.0,0.0,282.7865015146683
38,0.0,0.0,0.0,0.0,0.0,10181.64999202806,0.0,0.0,0.0,0.0,0.0,0.0,0.0,0.0,0.0,0.0,0.0,0.0,0.0,0.0,0.0,0.0,0.0,0.0,0.0,0.0,0.0,0.0,0.0,0.0,0.0,0.0,0.0,0.0,0.0,0.0,282.8236108896683
31,0.0,0.0,0.0,0.0,0.0,10181.650749362245,0.0,0.0,0.0,0.0,0.0,0.0,0.0,0.0,0.0,0.0,0.0,0.0,0.0,0.0,0.0,0.0,0.0,0.0,0.0,0.0,0.0,0.0,0.0,0.0,0.0,0.0,0.0,0.0,0.0,0.0,282.82363192672904
52,0.0,0.0,0.0,0.0,0.0,10180.31405452806,0.0,0.0,0.0,0.0,0.0,0.0,0.0,0.0,0.0,0.0,0.0,0.0,0.0,0.0,0.0,4371.799198545258,0.0,0.0,0.0,0.0,0.0,0.0,0.0,0.0,0.0,0.0,0.0,0.0,0.0,0.0,404.2253681409255
40,0.0,0.0,0.0,0.0,0.0,10181.650749362245,0.0,0.0,0.0,0.0,0.0,0.0,0.0,0.0,0.0,0.0,0.0,0.0,0.0,0.0,0.0,0.0,0.0,0.0,0.0,0.0,0.0,0.0,0.0,0.0,0.0,0.0,0.0,0.0,0.0,0.0,282.82363192672904
48,0.0,0.0,0.0,0.0,0.0,20033.646045918365,0.0,0.0,0.0,0.0,0.0,0.0,0.0,0.0,0.0,0.0,0.0,0.0,0.0,0.0,0.0,0.0,0.0,0.0,0.0,0.0,0.0,0.0,0.0,0.0,0.0,0.0,0.0,0.0,0.0,0.0,556.4901679421769
46,0.0,0.0,0.0,0.0,0.0,10181.650749362245,0.0,0.0,0.0,0.0,0.0,0.0,0.0,0.0,0.0,0.0,0.0,0.0,0.0,0.0,0.0,0.0,0.0,0.0,0.0,0.0,0.0,0.0,0.0,0.0,0.0,0.0,0.0,0.0,0.0,0.0,282.82363192672904
191,0.0,0.0,0.0,0.0,0.0,10185.996332908162,0.0,4840.942563657407,0.0,0.0,4225.6327008928565,0.0,0.0,0.0,6521.5021896362305,0.0,0.0,0.0,0.0,0.0,0.0,0.0,0.0,0.0,6025.568509615385,0.0,0.0,0.0,0.0,0.0,0.0,0.0,0.0,0.0,0.0,0.0,883.3233971308343
18,0.0,0.0,0.0,0.0,0.0,10180.31405452806,0.0,0.0,0.0,0.0,0.0,0.0,0.0,0.0,0.0,0.0,0.0,0.0,0.0,0.0,0.0,0.0,0.0,0.0,0.0,0.0,0.0,0.0,0.0,0.0,0.0,0.0,0.0,0.0,0.0,0.0,282.7865015146683
36,0.0,0.0,0.0,0.0,0.0,10181.650749362245,0.0,0.0,0.0,0.0,0.0,0.0,0.0,0.0,0.0,0.0,0.0,0.0,0.0,0.0,0.0,0.0,0.0,0.0,0.0,0.0,0.0,0.0,0.0,0.0,0.0,0.0,0.0,0.0,0.0,0.0,282.82363192672904
42,0.0,0.0,0.0,0.0,0.0,10180.31405452806,0.0,0.0,0.0,0.0,0.0,0.0,0.0,0.0,0.0,0.0,0.0,0.0,0.0,0.0,0.0,0.0,0.0,0.0,0.0,0.0,0.0,0.0,0.0,0.0,0.0,0.0,0.0,0.0,0.0,0.0,282.7865015146683
28,0.0,0.0,0.0,0.0,0.0,10181.650749362245,0.0,0.0,0.0,0.0,0.0,0.0,0.0,0.0,0.0,0.0,0.0,0.0,0.0,0.0,0.0,0.0,0.0,0.0,0.0,0.0,0.0,0.0,0.0,0.0,0.0,0.0,0.0,0.0,0.0,0.0,282.82363192672904
213,0.0,0.0,0.0,0.0,0.0,10185.996332908162,0.0,9682.93113425926,0.0,0.0,12570.422321428572,0.0,5825.514391882944,0.0,0.0,0.0,11684.750594429348,0.0,7421.194207442434,0.0,0.0,0.0,0.0,0.0,0.0,0.0,0.0,0.0,0.0,0.0,0.0,0.0,0.0,0.0,0.0,0.0,1593.6335828430756
16,0.0,0.0,0.0,0.0,0.0,10180.31405452806,0.0,0.0,0.0,0.0,0.0,0.0,0.0,0.0,0.0,0.0,0.0,0.0,0.0,0.0,0.0,0.0,0.0,0.0,0.0,0.0,0.0,0.0,0.0,0.0,0.0,0.0,0.0,0.0,0.0,0.0,282.7865015146683
26,0.0,0.0,0.0,0.0,0.0,10180.31405452806,0.0,0.0,0.0,0.0,0.0,0.0,0.0,0.0,0.0,0.0,0.0,0.0,0.0,0.0,0.0,0.0,0.0,0.0,0.0,0.0,0.0,0.0,0.0,0.0,0.0,0.0,0.0,0.0,0.0,0.0,282.7865015146683
27,0.0,0.0,0.0,0.0,0.0,10181.650749362245,0.0,0.0,4268.772101151316,0.0,0.0,0.0,5831.342173430879,0.0,6523.6940841674805,0.0,0.0,0.0,0.0,0.0,0.0,8743.267679148707,0.0,0.0,0.0,0.0,0.0,0.0,0.0,0.0,0.0,0.0,0.0,0.0,0.0,0.0,987.464632979462
37,0.0,0.0,0.0,0.0,0.0,10181.650749362245,0.0,0.0,0.0,0.0,0.0,0.0,0.0,0.0,0.0,0.0,0.0,0.0,0.0,0.0,0.0,0.0,0.0,0.0,0.0,0.0,0.0,0.0,0.0,0.0,0.0,0.0,0.0,0.0,0.0,0.0,282.82363192672904
39,0.0,0.0,0.0,0.0,0.0,10181.650749362245,0.0,0.0,0.0,0.0,0.0,0.0,0.0,0.0,0.0,0.0,0.0,0.0,0.0,0.0,0.0,0.0,0.0,0.0,0.0,0.0,0.0,0.0,0.0,0.0,0.0,0.0,0.0,0.0,0.0,0.0,282.82363192672904
41,0.0,0.0,0.0,0.0,0.0,10180.31405452806,0.0,0.0,0.0,0.0,0.0,0.0,0.0,0.0,0.0,0.0,0.0,0.0,0.0,0.0,0.0,0.0,0.0,0.0,0.0,0.0,0.0,0.0,0.0,0.0,0.0,0.0,0.0,0.0,0.0,0.0,282.7865015146683
214,0.0,0.0,0.0,0.0,0.0,10180.31405452806,0.0,4830.264033564815,0.0,0.0,4216.556863839285,0.0,11378.063716565148,0.0,0.0,0.0,0.0,0.0,0.0,0.0,0.0,0.0,0.0,0.0,0.0,0.0,0.0,0.0,0.0,0.0,0.0,0.0,0.0,0.0,0.0,0.0,850.1444074582586
216,0.0,0.0,0.0,0.0,0.0,0.0,0.0,4840.942563657407,0.0,0.0,4225.6327008928565,0.0,0.0,0.0,0.0,0.0,0.0,0.0,0.0,0.0,0.0,0.0,0.0,0.0,0.0,0.0,0.0,0.0,0.0,0.0,0.0,0.0,0.0,0.0,0.0,0.0,251.84931290417398
66,0.0,0.0,0.0,0.0,0.0,0.0,0.0,9682.93113425926,4268.429327713816,7743.231700067936,4225.6327008928565,0.0,0.0,0.0,0.0,0.0,0.0,0.0,0.0,0.0,0.0,0.0,0.0,0.0,0.0,0.0,0.0,0.0,0.0,0.0,0.0,0.0,0.0,0.0,0.0,0.0,720.0062461926075
217,0.0,0.0,0.0,0.0,0.0,0.0,0.0,4840.942563657407,0.0,0.0,4225.6327008928565,0.0,0.0,0.0,0.0,0.0,11684.750594429348,0.0,7425.184017783717,0.0,0.0,0.0,0.0,0.0,0.0,0.0,0.0,0.0,0.0,0.0,0.0,0.0,0.0,0.0,0.0,0.0,782.6808299100924
1,0.0,0.0,0.0,0.0,0.0,0.0,0.0,4832.471064814815,0.0,0.0,4218.393154761904,0.0,0.0,0.0,0.0,0.0,0.0,0.0,0.0,0.0,0.0,0.0,0.0,0.0,0.0,0.0,0.0,0.0,0.0,0.0,0.0,0.0,0.0,0.0,0.0,0.0,251.4128949882422
120,0.0,0.0,0.0,0.0,0.0,0.0,0.0,4830.264033564815,4269.102513363487,0.0,4216.556863839285,0.0,0.0,0.0,0.0,0.0,0.0,0.0,0.0,0.0,0.0,0.0,0.0,0.0,0.0,0.0,0.0,0.0,0.0,0.0,0.0,0.0,0.0,0.0,0.0,0.0,369.88676141021074
195,0.0,0.0,0.0,0.0,0.0,0.0,0.0,4833.9283130787035,0.0,0.0,0.0,0.0,0.0,0.0,0.0,0.0,0.0,0.0,0.0,0.0,0.0,0.0,0.0,0.0,0.0,0.0,0.0,0.0,0.0,0.0,0.0,0.0,0.0,0.0,0.0,0.0,134.27578647440842
127,0.0,0.0,0.0,0.0,0.0,0.0,0.0,4840.942563657407,0.0,0.0,0.0,0.0,0.0,0.0,0.0,0.0,0.0,0.0,0.0,0.0,0.0,0.0,0.0,0.0,0.0,0.0,0.0,5800.707226562499,0.0,0.0,0.0,0.0,0.0,0.0,0.0,0.0,295.6013830616641
108,0.0,0.0,0.0,0.0,0.0,0.0,0.0,4830.95775462963,0.0,0.0,4219.008835565475,0.0,11483.010709083686,0.0,0.0,0.0,11684.750594429348,0.0,7421.194207442434,0.0,0.0,0.0,0.0,0.0,0.0,0.0,0.0,0.0,0.0,0.0,0.0,6552.301580255682,0.0,7100.229147518382,0.0,0.0,1480.3181341367954
30,0.0,0.0,0.0,0.0,0.0,0.0,0.0,0.0,4267.721062911184,0.0,0.0,0.0,5826.532830707097,0.0,0.0,0.0,0.0,0.0,0.0,0.0,0.0,0.0,0.0,0.0,0.0,0.0,0.0,0.0,0.0,0.0,0.0,0.0,0.0,0.0,0.0,0.0,280.3959414893967
11,0.0,0.0,0.0,0.0,0.0,0.0,0.0,0.0,4267.721062911184,0.0,0.0,0.0,0.0,7144.947350543478,0.0,0.0,0.0,0.0,0.0,0.0,0.0,0.0,0.0,0.0,0.0,0.0,0.0,0.0,0.0,0.0,0.0,0.0,0.0,0.0,0.0,0.0,317.01856704040733
20,0.0,0.0,0.0,0.0,0.0,0.0,0.0,0.0,4267.721062911184,0.0,0.0,0.0,0.0,0.0,0.0,0.0,0.0,0.0,0.0,0.0,0.0,0.0,0.0,0.0,0.0,0.0,0.0,0.0,0.0,0.0,0.0,0.0,0.0,0.0,0.0,0.0,118.54780730308845
47,0.0,0.0,0.0,0.0,0.0,0.0,0.0,0.0,4268.076197574013,0.0,0.0,0.0,0.0,0.0,0.0,0.0,0.0,0.0,0.0,0.0,0.0,0.0,0.0,0.0,0.0,0.0,0.0,0.0,0.0,0.0,0.0,0.0,0.0,0.0,0.0,0.0,118.55767215483371
13,0.0,0.0,0.0,0.0,0.0,0.0,0.0,0.0,0.0,0.0,4217.763244047618,0.0,0.0,7144.947350543478,0.0,0.0,0.0,0.0,0.0,0.0,0.0,0.0,0.0,0.0,0.0,0.0,0.0,0.0,0.0,0.0,0.0,0.0,0.0,0.0,0.0,0.0,315.6308498497526
2,0.0,0.0,0.0,0.0,0.0,0.0,0.0,0.0,0.0,0.0,4217.763244047618,0.0,0.0,0.0,0.0,0.0,0.0,0.0,0.0,0.0,0.0,0.0,0.0,0.0,0.0,0.0,0.0,0.0,0.0,0.0,0.0,0.0,0.0,0.0,0.0,0.0,117.16009011243383
19,0.0,0.0,0.0,0.0,0.0,0.0,0.0,0.0,0.0,0.0,0.0,8087.924175715043,0.0,0.0,0.0,0.0,0.0,0.0,0.0,0.0,0.0,0.0,0.0,0.0,0.0,0.0,0.0,0.0,0.0,0.0,0.0,0.0,0.0,0.0,0.0,0.0,224.66456043652897
17,0.0,0.0,0.0,0.0,0.0,0.0,0.0,0.0,0.0,0.0,0.0,8087.924175715043,0.0,0.0,0.0,0.0,0.0,0.0,0.0,0.0,0.0,0.0,0.0,0.0,0.0,0.0,0.0,0.0,0.0,0.0,0.0,0.0,0.0,0.0,0.0,0.0,224.66456043652897
44,0.0,0.0,0.0,0.0,0.0,0.0,0.0,0.0,0.0,0.0,0.0,8089.201941538666,0.0,0.0,0.0,0.0,0.0,0.0,0.0,0.0,0.0,0.0,0.0,0.0,0.0,0.0,0.0,0.0,0.0,0.0,0.0,0.0,0.0,0.0,0.0,0.0,224.7000539316296
35,0.0,0.0,0.0,0.0,0.0,0.0,0.0,0.0,0.0,0.0,0.0,0.0,5825.514391882944,0.0,0.0,0.0,0.0,0.0,0.0,0.0,0.0,0.0,0.0,0.0,0.0,0.0,0.0,0.0,0.0,0.0,0.0,0.0,0.0,0.0,0.0,0.0,161.81984421897067
12,0.0,0.0,0.0,0.0,0.0,0.0,0.0,0.0,0.0,0.0,0.0,0.0,5824.584154032044,0.0,0.0,0.0,0.0,0.0,0.0,0.0,0.0,0.0,0.0,0.0,0.0,0.0,0.0,0.0,0.0,0.0,0.0,0.0,0.0,0.0,0.0,0.0,161.7940042786679
15,0.0,0.0,0.0,0.0,0.0,0.0,0.0,0.0,0.0,0.0,0.0,0.0,5827.552572993909,0.0,0.0,0.0,0.0,0.0,0.0,0.0,0.0,0.0,0.0,0.0,0.0,0.0,0.0,0.0,0.0,0.0,0.0,0.0,0.0,0.0,0.0,0.0,161.8764603609419
53,0.0,0.0,0.0,0.0,0.0,0.0,0.0,0.0,0.0,0.0,0.0,0.0,0.0,7143.830672554347,0.0,0.0,0.0,0.0,0.0,0.0,6769.372777966486,0.0,7143.488103693183,6754.469075520833,0.0,7695.426316784274,0.0,0.0,0.0,0.0,0.0,0.0,0.0,0.0,0.0,0.0,986.2940818477533
50,0.0,0.0,0.0,0.0,0.0,0.0,0.0,0.0,0.0,0.0,0.0,0.0,0.0,0.0,0.0,7151.1619059244795,0.0,0.0,0.0,0.0,0.0,0.0,0.0,0.0,6025.569411057692,0.0,0.0,0.0,0.0,0.0,0.0,0.0,0.0,0.0,0.0,0.0,366.0203143606159
51,0.0,0.0,0.0,0.0,0.0,0.0,0.0,0.0,0.0,0.0,0.0,0.0,0.0,0.0,0.0,0.0,0.0,0.0,0.0,0.0,0.0,4370.824084051724,0.0,6753.933756510416,0.0,0.0,0.0,0.0,0.0,0.0,0.0,0.0,0.0,0.0,0.0,0.0,309.0210511267261
14,0.0,0.0,0.0,0.0,0.0,0.0,0.0,0.0,0.0,0.0,0.0,0.0,0.0,0.0,0.0,0.0,0.0,0.0,0.0,0.0,0.0,0.0,7142.578628077652,0.0,0.0,0.0,0.0,0.0,0.0,0.0,0.0,0.0,0.0,0.0,0.0,0.0,198.4049618910459
4,0.0,0.0,0.0,0.0,0.0,0.0,0.0,0.0,0.0,0.0,0.0,0.0,0.0,0.0,0.0,0.0,0.0,0.0,0.0,0.0,0.0,0.0,0.0,6754.468017578124,0.0,0.0,0.0,0.0,0.0,0.0,0.0,0.0,0.0,0.0,0.0,0.0,187.62411159939234
6,0.0,0.0,0.0,0.0,0.0,0.0,0.0,0.0,0.0,0.0,0.0,0.0,0.0,0.0,0.0,0.0,0.0,0.0,0.0,0.0,0.0,0.0,0.0,0.0,0.0,7695.599640877015,0.0,0.0,0.0,0.0,0.0,0.0,0.0,0.0,0.0,0.0,213.7666566910282
22,0.0,0.0,0.0,0.0,0.0,0.0,0.0,0.0,0.0,0.0,0.0,0.0,0.0,0.0,0.0,0.0,0.0,0.0,0.0,0.0,0.0,0.0,0.0,0.0,0.0,7695.426316784274,0.0,0.0,0.0,0.0,0.0,0.0,0.0,0.0,0.0,0.0,213.7618421328965
5,0.0,0.0,0.0,0.0,0.0,0.0,0.0,0.0,0.0,0.0,0.0,0.0,0.0,0.0,0.0,0.0,0.0,0.0,0.0,0.0,0.0,0.0,0.0,0.0,0.0,7695.426316784274,0.0,0.0,0.0,0.0,0.0,0.0,0.0,0.0,0.0,0.0,213.7618421328965
10,0.0,0.0,0.0,0.0,0.0,0.0,0.0,0.0,0.0,0.0,0.0,0.0,0.0,0.0,0.0,0.0,0.0,0.0,0.0,0.0,0.0,0.0,0.0,0.0,0.0,0.0,0.0,0.0,0.0,0.0,0.0,6553.133907433712,0.0,0.0,0.0,0.0,182.03149742871423
34,0.0,0.0,0.0,0.0,0.0,0.0,0.0,0.0,0.0,0.0,0.0,0.0,0.0,0.0,0.0,0.0,0.0,0.0,0.0,0.0,0.0,0.0,0.0,0.0,0.0,0.0,0.0,0.0,0.0,0.0,0.0,0.0,0.0,0.0,6953.7119140625,0.0,193.15866427951389
